0 ,0 ,0 ,7 ,1 ,2 ,0 ,1 ,1 ,12 ,24 ,11 ,0 ,61.0
1 ,0 ,0 ,0 ,0 ,0 ,0 ,0 ,0 ,0 ,0 ,14 ,3 ,57.0
2 ,1 ,1 ,10 ,3 ,3 ,3 ,2 ,1 ,22 ,46 ,14 ,0 ,57.0
3 ,0 ,0 ,0 ,0 ,0 ,0 ,0 ,0 ,0 ,0 ,14 ,0 ,56.0
4 ,0 ,0 ,0 ,0 ,0 ,0 ,0 ,0 ,0 ,0 ,17 ,3 ,54.0
5 ,2 ,3 ,5 ,4 ,6 ,1 ,2 ,1 ,24 ,48 ,18 ,1 ,54.0
6 ,0 ,0 ,0 ,0 ,0 ,0 ,0 ,0 ,0 ,0 ,18 ,0 ,53.0
7 ,0 ,0 ,0 ,0 ,0 ,0 ,0 ,0 ,0 ,0 ,18 ,0 ,53.0
8 ,0 ,0 ,0 ,0 ,0 ,0 ,0 ,0 ,0 ,0 ,18 ,0 ,54.0
9 ,0 ,0 ,0 ,0 ,0 ,0 ,0 ,0 ,0 ,0 ,20 ,2 ,53.0
10 ,1 ,3 ,4 ,3 ,3 ,3 ,3 ,1 ,21 ,42 ,20 ,0 ,53.0
11 ,0 ,0 ,0 ,0 ,0 ,0 ,0 ,0 ,0 ,0 ,19 ,1 ,55.0
12 ,1 ,3 ,9 ,2 ,1 ,1 ,0 ,1 ,18 ,36 ,19 ,0 ,55.0
13 ,0 ,0 ,0 ,0 ,0 ,0 ,0 ,0 ,0 ,0 ,23 ,4 ,50.0
14 ,4 ,1 ,4 ,0 ,2 ,3 ,2 ,1 ,9 ,26 ,34 ,11 ,42.0
15 ,0 ,0 ,0 ,0 ,0 ,0 ,0 ,0 ,0 ,0 ,34 ,0 ,42.0
16 ,0 ,0 ,0 ,0 ,0 ,0 ,0 ,0 ,0 ,0 ,35 ,1 ,41.0
17 ,1 ,1 ,4 ,2 ,5 ,0 ,15 ,8 ,22 ,58 ,37 ,2 ,39.0
18 ,0 ,0 ,0 ,0 ,0 ,0 ,0 ,0 ,0 ,0 ,37 ,0 ,38.0
19 ,0 ,0 ,0 ,0 ,0 ,0 ,0 ,0 ,0 ,0 ,37 ,0 ,38.0
20 ,0 ,0 ,0 ,0 ,0 ,0 ,0 ,0 ,0 ,0 ,37 ,0 ,39.0
21 ,0 ,0 ,0 ,0 ,0 ,0 ,0 ,0 ,0 ,0 ,39 ,2 ,37.0
22 ,0 ,0 ,0 ,0 ,0 ,0 ,0 ,0 ,0 ,0 ,39 ,0 ,37.0
23 ,2 ,0 ,3 ,0 ,1 ,4 ,7 ,3 ,18 ,38 ,39 ,0 ,37.0
24 ,1 ,2 ,3 ,5 ,3 ,2 ,11 ,8 ,9 ,44 ,39 ,0 ,37.0
25 ,0 ,0 ,0 ,0 ,0 ,0 ,0 ,0 ,0 ,0 ,43 ,4 ,32.0
26 ,5 ,0 ,1 ,3 ,1 ,5 ,50 ,36 ,99 ,200 ,51 ,8 ,26.0
27 ,0 ,0 ,0 ,0 ,0 ,0 ,0 ,0 ,0 ,0 ,50 ,1 ,28.0
28 ,0 ,0 ,0 ,0 ,0 ,0 ,0 ,0 ,0 ,0 ,53 ,3 ,25.0
29 ,6 ,3 ,1 ,2 ,5 ,2 ,66 ,24 ,37 ,146 ,59 ,6 ,19.0
30 ,7 ,1 ,4 ,2 ,4 ,2 ,31 ,25 ,2 ,78 ,58 ,1 ,18.0
31 ,0 ,0 ,0 ,0 ,0 ,0 ,0 ,0 ,0 ,0 ,58 ,0 ,19.0
32 ,0 ,0 ,0 ,0 ,0 ,0 ,0 ,0 ,0 ,0 ,58 ,0 ,20.0
33 ,0 ,0 ,0 ,0 ,0 ,0 ,0 ,0 ,0 ,0 ,61 ,3 ,18.0
34 ,3 ,9 ,0 ,0 ,3 ,4 ,42 ,13 ,24 ,98 ,61 ,0 ,18.0
35 ,0 ,0 ,0 ,0 ,0 ,0 ,0 ,0 ,0 ,0 ,60 ,1 ,19.0
36 ,0 ,0 ,0 ,0 ,0 ,0 ,0 ,0 ,0 ,0 ,60 ,0 ,19.0
37 ,0 ,0 ,0 ,0 ,0 ,0 ,0 ,0 ,0 ,0 ,60 ,0 ,18.0
38 ,4 ,4 ,1 ,5 ,2 ,9 ,71 ,21 ,107 ,224 ,61 ,1 ,18.0
39 ,21 ,12 ,7 ,6 ,9 ,24 ,121 ,73 ,273 ,546 ,60 ,1 ,17.0
40 ,0 ,0 ,0 ,0 ,0 ,0 ,0 ,0 ,0 ,0 ,61 ,1 ,16.0
41 ,3 ,1 ,4 ,1 ,2 ,4 ,28 ,9 ,36 ,88 ,63 ,2 ,15.0
42 ,5 ,1 ,1 ,2 ,3 ,3 ,15 ,37 ,33 ,100 ,62 ,1 ,13.0
43 ,0 ,0 ,0 ,0 ,0 ,0 ,0 ,0 ,0 ,0 ,62 ,0 ,16.0
44 ,0 ,0 ,0 ,0 ,0 ,0 ,0 ,0 ,0 ,0 ,62 ,0 ,16.0
45 ,0 ,0 ,0 ,0 ,0 ,0 ,0 ,0 ,0 ,0 ,64 ,2 ,15.0
46 ,6 ,7 ,5 ,2 ,3 ,10 ,39 ,5 ,39 ,116 ,64 ,0 ,15.0
47 ,0 ,0 ,0 ,0 ,0 ,0 ,0 ,0 ,0 ,0 ,64 ,0 ,15.0
48 ,0 ,0 ,0 ,0 ,0 ,0 ,0 ,0 ,0 ,0 ,63 ,1 ,15.0
49 ,0 ,0 ,0 ,0 ,0 ,0 ,0 ,0 ,0 ,0 ,64 ,1 ,13.0
50 ,12 ,2 ,8 ,5 ,1 ,10 ,31 ,68 ,109 ,246 ,67 ,3 ,12.0
51 ,9 ,1 ,4 ,4 ,7 ,15 ,94 ,66 ,200 ,400 ,63 ,4 ,10.0
52 ,0 ,0 ,0 ,0 ,0 ,0 ,0 ,0 ,0 ,0 ,63 ,0 ,10.0
53 ,2 ,1 ,11 ,5 ,1 ,8 ,22 ,31 ,57 ,138 ,63 ,0 ,10.0
54 ,11 ,2 ,4 ,1 ,1 ,10 ,74 ,66 ,155 ,324 ,61 ,2 ,6.0
55 ,0 ,0 ,0 ,0 ,0 ,0 ,0 ,0 ,0 ,0 ,60 ,1 ,7.0
56 ,0 ,0 ,0 ,0 ,0 ,0 ,0 ,0 ,0 ,0 ,60 ,0 ,7.0
57 ,0 ,0 ,0 ,0 ,0 ,0 ,0 ,0 ,0 ,0 ,60 ,0 ,6.0
58 ,6 ,1 ,5 ,4 ,0 ,3 ,28 ,14 ,43 ,104 ,60 ,0 ,6.0
59 ,0 ,0 ,0 ,0 ,0 ,0 ,0 ,0 ,0 ,0 ,59 ,1 ,5.0
60 ,0 ,0 ,0 ,0 ,0 ,0 ,0 ,0 ,0 ,0 ,59 ,0 ,5.0
61 ,0 ,0 ,0 ,0 ,0 ,0 ,0 ,0 ,0 ,0 ,61 ,2 ,4.0
62 ,0 ,1 ,8 ,3 ,1 ,2 ,11 ,1 ,19 ,46 ,61 ,0 ,6.0
63 ,2 ,1 ,2 ,3 ,3 ,4 ,9 ,11 ,9 ,44 ,56 ,5 ,2.0
64 ,0 ,0 ,0 ,0 ,0 ,0 ,0 ,0 ,0 ,0 ,48 ,8 ,11.0
65 ,1 ,3 ,1 ,1 ,1 ,1 ,12 ,9 ,21 ,50 ,48 ,0 ,11.0
66 ,4 ,0 ,3 ,5 ,4 ,6 ,15 ,14 ,51 ,102 ,47 ,1 ,13.0
67 ,0 ,0 ,0 ,0 ,0 ,0 ,0 ,0 ,0 ,0 ,45 ,2 ,14.0
68 ,0 ,0 ,0 ,0 ,0 ,0 ,0 ,0 ,0 ,0 ,45 ,0 ,14.0
69 ,0 ,0 ,0 ,0 ,0 ,0 ,0 ,0 ,0 ,0 ,45 ,0 ,14.0
70 ,5 ,3 ,1 ,0 ,2 ,4 ,14 ,17 ,40 ,86 ,45 ,0 ,14.0
71 ,0 ,0 ,0 ,0 ,0 ,0 ,0 ,0 ,0 ,0 ,43 ,2 ,15.0
72 ,0 ,0 ,0 ,0 ,0 ,0 ,0 ,0 ,0 ,0 ,43 ,0 ,15.0
73 ,0 ,0 ,0 ,0 ,0 ,0 ,0 ,0 ,0 ,0 ,44 ,1 ,16.0
74 ,5 ,1 ,1 ,0 ,1 ,6 ,11 ,21 ,46 ,92 ,44 ,0 ,14.0
75 ,6 ,1 ,3 ,2 ,5 ,8 ,19 ,23 ,65 ,132 ,39 ,5 ,18.0
76 ,0 ,0 ,0 ,0 ,0 ,0 ,0 ,0 ,0 ,0 ,33 ,6 ,26.0
77 ,0 ,2 ,2 ,0 ,3 ,1 ,1 ,6 ,7 ,22 ,35 ,2 ,28.0
78 ,0 ,0 ,0 ,0 ,0 ,0 ,0 ,0 ,0 ,0 ,32 ,3 ,31.0
79 ,2 ,7 ,5 ,4 ,2 ,4 ,4 ,3 ,25 ,56 ,26 ,6 ,36.0
80 ,0 ,0 ,0 ,0 ,0 ,0 ,0 ,0 ,0 ,0 ,26 ,0 ,35.0
81 ,0 ,0 ,0 ,0 ,0 ,0 ,0 ,0 ,0 ,0 ,27 ,1 ,36.0
82 ,3 ,1 ,2 ,0 ,1 ,2 ,8 ,2 ,15 ,34 ,27 ,0 ,36.0
83 ,0 ,0 ,0 ,0 ,0 ,0 ,0 ,0 ,0 ,0 ,25 ,2 ,37.0
84 ,0 ,0 ,0 ,0 ,0 ,0 ,0 ,0 ,0 ,0 ,25 ,0 ,37.0
85 ,0 ,0 ,0 ,0 ,0 ,0 ,0 ,0 ,0 ,0 ,27 ,2 ,38.0
86 ,6 ,0 ,1 ,2 ,2 ,3 ,20 ,20 ,54 ,108 ,27 ,0 ,37.0
87 ,0 ,0 ,0 ,0 ,0 ,0 ,0 ,0 ,0 ,0 ,26 ,1 ,37.0
88 ,0 ,0 ,0 ,0 ,0 ,0 ,0 ,0 ,0 ,0 ,26 ,0 ,37.0
89 ,9 ,3 ,8 ,3 ,3 ,8 ,10 ,29 ,73 ,146 ,26 ,0 ,37.0
90 ,0 ,0 ,0 ,0 ,0 ,0 ,0 ,0 ,0 ,0 ,25 ,1 ,38.0
91 ,3 ,5 ,3 ,2 ,0 ,1 ,12 ,2 ,2 ,30 ,23 ,2 ,39.0
92 ,0 ,0 ,0 ,0 ,0 ,0 ,0 ,0 ,0 ,0 ,23 ,0 ,38.0
93 ,0 ,0 ,0 ,0 ,0 ,0 ,0 ,0 ,0 ,0 ,26 ,3 ,41.0
94 ,2 ,0 ,1 ,2 ,2 ,1 ,3 ,1 ,4 ,16 ,26 ,0 ,41.0
95 ,0 ,0 ,0 ,0 ,0 ,0 ,0 ,0 ,0 ,0 ,25 ,1 ,42.0
96 ,0 ,0 ,0 ,0 ,0 ,0 ,0 ,0 ,0 ,0 ,25 ,0 ,42.0
97 ,0 ,0 ,0 ,0 ,0 ,0 ,0 ,0 ,0 ,0 ,25 ,0 ,42.0
98 ,5 ,4 ,4 ,2 ,0 ,5 ,1 ,7 ,18 ,46 ,25 ,0 ,41.0
99 ,0 ,0 ,0 ,0 ,0 ,0 ,0 ,0 ,0 ,0 ,24 ,1 ,42.0
100 ,0 ,0 ,0 ,0 ,0 ,0 ,0 ,0 ,0 ,0 ,23 ,1 ,45.0
101 ,1 ,2 ,15 ,8 ,0 ,1 ,5 ,6 ,36 ,74 ,24 ,1 ,43.0
102 ,3 ,3 ,6 ,1 ,0 ,4 ,37 ,20 ,54 ,128 ,24 ,0 ,43.0
103 ,0 ,0 ,0 ,0 ,0 ,0 ,0 ,0 ,0 ,0 ,24 ,0 ,42.0
104 ,0 ,0 ,0 ,0 ,0 ,0 ,0 ,0 ,0 ,0 ,23 ,1 ,40.0
105 ,0 ,0 ,0 ,0 ,0 ,0 ,0 ,0 ,0 ,0 ,25 ,2 ,41.0
106 ,2 ,2 ,2 ,1 ,0 ,2 ,10 ,8 ,19 ,46 ,25 ,0 ,41.0
107 ,0 ,0 ,0 ,0 ,0 ,0 ,0 ,0 ,0 ,0 ,24 ,1 ,39.0
108 ,0 ,0 ,0 ,0 ,0 ,0 ,0 ,0 ,0 ,0 ,24 ,0 ,39.0
109 ,0 ,0 ,0 ,0 ,0 ,0 ,0 ,0 ,0 ,0 ,25 ,1 ,40.0
110 ,2 ,2 ,2 ,1 ,2 ,1 ,27 ,15 ,48 ,100 ,25 ,0 ,38.0
111 ,0 ,0 ,0 ,0 ,0 ,0 ,0 ,0 ,0 ,0 ,23 ,2 ,40.0
112 ,0 ,0 ,0 ,0 ,0 ,0 ,0 ,0 ,0 ,0 ,25 ,2 ,40.0
113 ,2 ,1 ,2 ,1 ,0 ,2 ,11 ,6 ,17 ,42 ,25 ,0 ,35.0
114 ,1 ,1 ,2 ,2 ,1 ,1 ,6 ,8 ,16 ,38 ,23 ,2 ,28.0
115 ,0 ,0 ,0 ,0 ,0 ,0 ,0 ,0 ,0 ,0 ,23 ,0 ,27.0
116 ,0 ,0 ,0 ,0 ,0 ,0 ,0 ,0 ,0 ,0 ,22 ,1 ,26.0
117 ,0 ,0 ,0 ,0 ,0 ,0 ,0 ,0 ,0 ,0 ,23 ,1 ,24.0
118 ,8 ,0 ,3 ,1 ,4 ,10 ,33 ,17 ,76 ,152 ,23 ,0 ,24.0
119 ,0 ,0 ,0 ,0 ,0 ,0 ,0 ,0 ,0 ,0 ,23 ,0 ,24.0
120 ,0 ,0 ,0 ,0 ,0 ,0 ,0 ,0 ,0 ,0 ,23 ,0 ,18.0
121 ,0 ,0 ,0 ,0 ,0 ,0 ,0 ,0 ,0 ,0 ,24 ,1 ,18.0
122 ,1 ,5 ,6 ,3 ,3 ,0 ,9 ,0 ,9 ,36 ,24 ,0 ,15.0
123 ,0 ,0 ,0 ,0 ,0 ,0 ,0 ,0 ,0 ,0 ,23 ,1 ,16.0
124 ,0 ,0 ,0 ,0 ,0 ,0 ,0 ,0 ,0 ,0 ,25 ,2 ,15.0
125 ,4 ,2 ,1 ,2 ,1 ,1 ,25 ,13 ,43 ,92 ,25 ,0 ,10.0
126 ,4 ,1 ,5 ,2 ,2 ,0 ,8 ,13 ,35 ,70 ,25 ,0 ,6.0
127 ,0 ,0 ,0 ,0 ,0 ,0 ,0 ,0 ,0 ,0 ,22 ,3 ,6.0
128 ,0 ,0 ,0 ,0 ,0 ,0 ,0 ,0 ,0 ,0 ,22 ,0 ,3.0
129 ,0 ,0 ,0 ,0 ,0 ,0 ,0 ,0 ,0 ,0 ,23 ,1 ,2.0
130 ,3 ,4 ,1 ,0 ,1 ,3 ,19 ,16 ,45 ,92 ,23 ,0 ,2.0
131 ,0 ,0 ,0 ,0 ,0 ,0 ,0 ,0 ,0 ,0 ,22 ,1 ,2.0
132 ,0 ,0 ,0 ,0 ,0 ,0 ,0 ,0 ,0 ,0 ,22 ,0 ,2.0
133 ,0 ,0 ,0 ,0 ,0 ,0 ,0 ,0 ,0 ,0 ,24 ,2 ,1.0
134 ,3 ,4 ,3 ,2 ,2 ,1 ,18 ,8 ,27 ,68 ,24 ,0 ,3.0
135 ,0 ,0 ,0 ,0 ,0 ,0 ,0 ,0 ,0 ,0 ,22 ,2 ,1.0
136 ,0 ,0 ,0 ,0 ,0 ,0 ,0 ,0 ,0 ,0 ,23 ,1 ,2.0
137 ,2 ,3 ,5 ,4 ,3 ,6 ,21 ,10 ,24 ,78 ,23 ,0 ,3.0
138 ,0 ,0 ,0 ,0 ,0 ,0 ,0 ,0 ,0 ,0 ,24 ,1 ,2.0
139 ,4 ,3 ,2 ,1 ,0 ,3 ,13 ,10 ,30 ,66 ,23 ,1 ,3.0
140 ,0 ,0 ,0 ,0 ,0 ,0 ,0 ,0 ,0 ,0 ,23 ,0 ,4.0
141 ,0 ,0 ,0 ,0 ,0 ,0 ,0 ,0 ,0 ,0 ,24 ,1 ,5.0
142 ,3 ,4 ,3 ,3 ,1 ,2 ,7 ,5 ,4 ,32 ,24 ,0 ,5.0
143 ,0 ,0 ,0 ,0 ,0 ,0 ,0 ,0 ,0 ,0 ,21 ,3 ,3.0
144 ,0 ,0 ,0 ,0 ,0 ,0 ,0 ,0 ,0 ,0 ,21 ,0 ,3.0
145 ,0 ,0 ,0 ,0 ,0 ,0 ,0 ,0 ,0 ,0 ,22 ,1 ,3.0
146 ,3 ,2 ,5 ,3 ,1 ,2 ,27 ,15 ,2 ,60 ,22 ,0 ,3.0
147 ,0 ,0 ,0 ,0 ,0 ,0 ,0 ,0 ,0 ,0 ,22 ,0 ,3.0
148 ,0 ,0 ,0 ,0 ,0 ,0 ,0 ,0 ,0 ,0 ,22 ,0 ,3.0
149 ,3 ,6 ,2 ,1 ,1 ,1 ,20 ,11 ,43 ,88 ,22 ,0 ,4.0
150 ,0 ,0 ,0 ,0 ,0 ,0 ,0 ,0 ,0 ,0 ,22 ,0 ,4.0
151 ,3 ,4 ,4 ,5 ,3 ,1 ,24 ,4 ,34 ,82 ,20 ,2 ,3.0
152 ,0 ,0 ,0 ,0 ,0 ,0 ,0 ,0 ,0 ,0 ,20 ,0 ,3.0
153 ,0 ,0 ,0 ,0 ,0 ,0 ,0 ,0 ,0 ,0 ,21 ,1 ,2.0
154 ,2 ,0 ,0 ,3 ,1 ,0 ,2 ,2 ,2 ,12 ,21 ,0 ,3.0
155 ,0 ,0 ,0 ,0 ,0 ,0 ,0 ,0 ,0 ,0 ,19 ,2 ,4.0
156 ,0 ,0 ,0 ,0 ,0 ,0 ,0 ,0 ,0 ,0 ,19 ,0 ,5.0
157 ,0 ,0 ,0 ,0 ,0 ,0 ,0 ,0 ,0 ,0 ,21 ,2 ,4.0
158 ,3 ,1 ,0 ,1 ,2 ,6 ,35 ,19 ,67 ,134 ,21 ,0 ,4.0
159 ,0 ,0 ,0 ,0 ,0 ,0 ,0 ,0 ,0 ,0 ,19 ,2 ,3.0
160 ,0 ,0 ,0 ,0 ,0 ,0 ,0 ,0 ,0 ,0 ,21 ,2 ,3.0
161 ,1 ,2 ,1 ,0 ,2 ,1 ,16 ,4 ,13 ,40 ,21 ,0 ,5.0
162 ,0 ,0 ,0 ,0 ,0 ,0 ,0 ,0 ,0 ,0 ,21 ,0 ,2.0
163 ,1 ,1 ,1 ,0 ,0 ,1 ,23 ,14 ,39 ,80 ,21 ,0 ,3.0
164 ,0 ,0 ,0 ,0 ,0 ,0 ,0 ,0 ,0 ,0 ,20 ,1 ,5.0
165 ,0 ,0 ,0 ,0 ,0 ,0 ,0 ,0 ,0 ,0 ,21 ,1 ,4.0
166 ,3 ,2 ,0 ,2 ,2 ,2 ,7 ,9 ,23 ,50 ,21 ,0 ,5.0
167 ,0 ,0 ,0 ,0 ,0 ,0 ,0 ,0 ,0 ,0 ,21 ,0 ,4.0
168 ,0 ,0 ,0 ,0 ,0 ,0 ,0 ,0 ,0 ,0 ,21 ,0 ,4.0
169 ,0 ,0 ,0 ,0 ,0 ,0 ,0 ,0 ,0 ,0 ,21 ,0 ,3.0
170 ,4 ,3 ,0 ,1 ,4 ,9 ,17 ,7 ,23 ,68 ,27 ,6 ,2.0
171 ,0 ,0 ,0 ,0 ,0 ,0 ,0 ,0 ,0 ,0 ,25 ,2 ,3.0
172 ,0 ,0 ,0 ,0 ,0 ,0 ,0 ,0 ,0 ,0 ,28 ,3 ,3.0
173 ,2 ,2 ,4 ,4 ,3 ,0 ,8 ,4 ,3 ,30 ,28 ,0 ,2.0
174 ,0 ,0 ,0 ,0 ,0 ,0 ,0 ,0 ,0 ,0 ,29 ,1 ,6.0
175 ,1 ,1 ,4 ,1 ,2 ,5 ,5 ,9 ,28 ,56 ,29 ,0 ,6.0
176 ,0 ,0 ,0 ,0 ,0 ,0 ,0 ,0 ,0 ,0 ,27 ,2 ,5.0
177 ,0 ,0 ,0 ,0 ,0 ,0 ,0 ,0 ,0 ,0 ,29 ,2 ,3.0
178 ,3 ,3 ,4 ,2 ,2 ,2 ,6 ,11 ,13 ,46 ,29 ,0 ,3.0
179 ,0 ,0 ,0 ,0 ,0 ,0 ,0 ,0 ,0 ,0 ,28 ,1 ,3.0
180 ,0 ,0 ,0 ,0 ,0 ,0 ,0 ,0 ,0 ,0 ,28 ,0 ,3.0
181 ,0 ,0 ,0 ,0 ,0 ,0 ,0 ,0 ,0 ,0 ,29 ,1 ,3.0
182 ,6 ,23 ,4 ,8 ,5 ,3 ,2 ,9 ,16 ,76 ,29 ,0 ,3.0
183 ,0 ,0 ,0 ,0 ,0 ,0 ,0 ,0 ,0 ,0 ,26 ,3 ,5.0
184 ,0 ,0 ,0 ,0 ,0 ,0 ,0 ,0 ,0 ,0 ,28 ,2 ,5.0
185 ,2 ,0 ,1 ,0 ,4 ,2 ,29 ,6 ,44 ,88 ,28 ,0 ,3.0
186 ,0 ,0 ,0 ,0 ,0 ,0 ,0 ,0 ,0 ,0 ,29 ,1 ,5.0
187 ,18 ,2 ,8 ,0 ,1 ,0 ,3 ,16 ,20 ,68 ,29 ,0 ,5.0
188 ,0 ,0 ,0 ,0 ,0 ,0 ,0 ,0 ,0 ,0 ,28 ,1 ,6.0
189 ,0 ,0 ,0 ,0 ,0 ,0 ,0 ,0 ,0 ,0 ,29 ,1 ,6.0
190 ,6 ,5 ,0 ,2 ,1 ,4 ,17 ,12 ,37 ,84 ,29 ,0 ,6.0
191 ,0 ,0 ,0 ,0 ,0 ,0 ,0 ,0 ,0 ,0 ,28 ,1 ,7.0
192 ,0 ,0 ,0 ,0 ,0 ,0 ,0 ,0 ,0 ,0 ,28 ,0 ,7.0
193 ,0 ,0 ,0 ,0 ,0 ,0 ,0 ,0 ,0 ,0 ,29 ,1 ,5.0
194 ,4 ,4 ,6 ,1 ,0 ,0 ,4 ,7 ,10 ,36 ,29 ,0 ,5.0
195 ,9 ,8 ,10 ,3 ,0 ,7 ,32 ,61 ,130 ,260 ,28 ,1 ,6.0
196 ,0 ,0 ,0 ,0 ,0 ,0 ,0 ,0 ,0 ,0 ,28 ,0 ,5.0
197 ,6 ,19 ,2 ,1 ,3 ,5 ,16 ,8 ,48 ,108 ,28 ,0 ,5.0
198 ,0 ,0 ,0 ,0 ,0 ,0 ,0 ,0 ,0 ,0 ,28 ,0 ,5.0
199 ,9 ,16 ,6 ,7 ,4 ,4 ,27 ,14 ,53 ,140 ,28 ,0 ,5.0
200 ,0 ,0 ,0 ,0 ,0 ,0 ,0 ,0 ,0 ,0 ,27 ,1 ,5.0
201 ,0 ,0 ,0 ,0 ,0 ,0 ,0 ,0 ,0 ,0 ,27 ,0 ,3.0
202 ,6 ,7 ,1 ,3 ,3 ,4 ,14 ,6 ,32 ,76 ,27 ,0 ,3.0
203 ,0 ,0 ,0 ,0 ,0 ,0 ,0 ,0 ,0 ,0 ,26 ,1 ,4.0
204 ,0 ,0 ,0 ,0 ,0 ,0 ,0 ,0 ,0 ,0 ,26 ,0 ,4.0
205 ,0 ,0 ,0 ,0 ,0 ,0 ,0 ,0 ,0 ,0 ,29 ,3 ,4.0
206 ,0 ,8 ,1 ,3 ,2 ,3 ,6 ,1 ,6 ,30 ,30 ,1 ,5.0
207 ,0 ,0 ,0 ,0 ,0 ,0 ,0 ,0 ,0 ,0 ,28 ,2 ,7.0
208 ,0 ,0 ,0 ,0 ,0 ,0 ,0 ,0 ,0 ,0 ,28 ,0 ,4.0
209 ,4 ,12 ,7 ,2 ,3 ,2 ,15 ,4 ,41 ,90 ,28 ,0 ,2.0
210 ,0 ,0 ,0 ,0 ,0 ,0 ,0 ,0 ,0 ,0 ,28 ,0 ,5.0
211 ,4 ,18 ,4 ,5 ,1 ,0 ,27 ,1 ,40 ,100 ,28 ,0 ,2.0
212 ,0 ,0 ,0 ,0 ,0 ,0 ,0 ,0 ,0 ,0 ,27 ,1 ,14.0
213 ,0 ,0 ,0 ,0 ,0 ,0 ,0 ,0 ,0 ,0 ,28 ,1 ,13.0
214 ,2 ,1 ,3 ,6 ,4 ,2 ,27 ,0 ,39 ,84 ,28 ,0 ,14.0
215 ,0 ,0 ,0 ,0 ,0 ,0 ,0 ,0 ,0 ,0 ,27 ,1 ,15.0
216 ,0 ,0 ,0 ,0 ,0 ,0 ,0 ,0 ,0 ,0 ,27 ,0 ,15.0
217 ,0 ,0 ,0 ,0 ,0 ,0 ,0 ,0 ,0 ,0 ,27 ,0 ,15.0
218 ,1 ,6 ,3 ,3 ,1 ,1 ,12 ,7 ,12 ,46 ,27 ,0 ,15.0
219 ,0 ,0 ,0 ,0 ,0 ,0 ,0 ,0 ,0 ,0 ,26 ,1 ,15.0
220 ,0 ,0 ,0 ,0 ,0 ,0 ,0 ,0 ,0 ,0 ,21 ,5 ,11.0
221 ,0 ,0 ,0 ,0 ,0 ,0 ,0 ,0 ,0 ,0 ,21 ,0 ,13.0
222 ,0 ,0 ,0 ,0 ,0 ,0 ,0 ,0 ,0 ,0 ,21 ,0 ,9.0
223 ,1 ,1 ,0 ,0 ,0 ,3 ,6 ,7 ,14 ,32 ,21 ,0 ,9.0
224 ,0 ,0 ,0 ,0 ,0 ,0 ,0 ,0 ,0 ,0 ,19 ,2 ,9.0
225 ,0 ,0 ,0 ,0 ,0 ,0 ,0 ,0 ,0 ,0 ,19 ,0 ,9.0
226 ,2 ,1 ,2 ,1 ,0 ,2 ,10 ,3 ,5 ,26 ,20 ,1 ,10.0
227 ,0 ,0 ,0 ,0 ,0 ,0 ,0 ,0 ,0 ,0 ,19 ,1 ,12.0
228 ,0 ,0 ,0 ,0 ,0 ,0 ,0 ,0 ,0 ,0 ,19 ,0 ,12.0
229 ,0 ,0 ,0 ,0 ,0 ,0 ,0 ,0 ,0 ,0 ,20 ,1 ,12.0
230 ,3 ,6 ,7 ,1 ,1 ,0 ,20 ,28 ,64 ,130 ,20 ,0 ,12.0
231 ,2 ,2 ,2 ,1 ,0 ,2 ,6 ,4 ,15 ,34 ,19 ,1 ,11.0
232 ,0 ,0 ,0 ,0 ,0 ,0 ,0 ,0 ,0 ,0 ,19 ,0 ,17.0
233 ,0 ,0 ,0 ,0 ,0 ,0 ,0 ,0 ,0 ,0 ,19 ,0 ,20.0
234 ,0 ,0 ,0 ,0 ,0 ,0 ,0 ,0 ,0 ,0 ,19 ,0 ,18.0
235 ,2 ,5 ,2 ,0 ,3 ,6 ,17 ,9 ,44 ,88 ,19 ,0 ,18.0
236 ,0 ,0 ,0 ,0 ,0 ,0 ,0 ,0 ,0 ,0 ,18 ,1 ,19.0
237 ,0 ,0 ,0 ,0 ,0 ,0 ,0 ,0 ,0 ,0 ,18 ,0 ,19.0
238 ,1 ,0 ,4 ,3 ,1 ,2 ,22 ,13 ,32 ,78 ,18 ,0 ,19.0
239 ,0 ,0 ,0 ,0 ,0 ,0 ,0 ,0 ,0 ,0 ,17 ,1 ,21.0
240 ,0 ,0 ,0 ,0 ,0 ,0 ,0 ,0 ,0 ,0 ,17 ,0 ,21.0
241 ,0 ,0 ,0 ,0 ,0 ,0 ,0 ,0 ,0 ,0 ,17 ,0 ,22.0
242 ,2 ,4 ,3 ,2 ,1 ,3 ,1 ,2 ,0 ,18 ,17 ,0 ,22.0
243 ,0 ,0 ,0 ,0 ,0 ,0 ,0 ,0 ,0 ,0 ,16 ,1 ,21.0
244 ,0 ,0 ,0 ,0 ,0 ,0 ,0 ,0 ,0 ,0 ,16 ,0 ,22.0
245 ,0 ,0 ,0 ,0 ,0 ,0 ,0 ,0 ,0 ,0 ,16 ,0 ,23.0
246 ,0 ,0 ,0 ,0 ,0 ,0 ,0 ,0 ,0 ,0 ,17 ,1 ,24.0
247 ,6 ,2 ,0 ,3 ,4 ,5 ,17 ,14 ,51 ,102 ,17 ,0 ,24.0
248 ,0 ,0 ,0 ,0 ,0 ,0 ,0 ,0 ,0 ,0 ,17 ,0 ,24.0
249 ,1 ,2 ,2 ,0 ,1 ,2 ,15 ,13 ,26 ,62 ,17 ,0 ,24.0
250 ,0 ,0 ,0 ,0 ,0 ,0 ,0 ,0 ,0 ,0 ,17 ,0 ,24.0
251 ,1 ,0 ,0 ,0 ,0 ,2 ,12 ,9 ,20 ,44 ,17 ,0 ,25.0
252 ,0 ,0 ,0 ,0 ,0 ,0 ,0 ,0 ,0 ,0 ,17 ,0 ,25.0
253 ,0 ,0 ,0 ,0 ,0 ,0 ,0 ,0 ,0 ,0 ,17 ,0 ,25.0
254 ,2 ,6 ,2 ,1 ,1 ,2 ,14 ,2 ,18 ,48 ,17 ,0 ,25.0
255 ,0 ,0 ,0 ,0 ,0 ,0 ,0 ,0 ,0 ,0 ,15 ,2 ,24.0
256 ,0 ,0 ,0 ,0 ,0 ,0 ,0 ,0 ,0 ,0 ,14 ,1 ,23.0
257 ,0 ,0 ,0 ,0 ,0 ,0 ,0 ,0 ,0 ,0 ,14 ,0 ,25.0
258 ,0 ,0 ,0 ,0 ,0 ,0 ,0 ,0 ,0 ,0 ,17 ,3 ,23.0
259 ,2 ,2 ,2 ,2 ,3 ,2 ,2 ,29 ,36 ,80 ,17 ,0 ,23.0
260 ,0 ,0 ,0 ,0 ,0 ,0 ,0 ,0 ,0 ,0 ,16 ,1 ,27.0
261 ,1 ,5 ,0 ,1 ,3 ,2 ,1 ,2 ,15 ,30 ,19 ,3 ,23.0
262 ,0 ,0 ,0 ,0 ,0 ,0 ,0 ,0 ,0 ,0 ,35 ,16 ,8.0
263 ,1 ,4 ,6 ,1 ,2 ,4 ,8 ,3 ,9 ,38 ,34 ,1 ,8.0
264 ,0 ,0 ,0 ,0 ,0 ,0 ,0 ,0 ,0 ,0 ,34 ,0 ,10.0
265 ,0 ,0 ,0 ,0 ,0 ,0 ,0 ,0 ,0 ,0 ,36 ,2 ,9.0
266 ,1 ,1 ,0 ,1 ,1 ,2 ,6 ,5 ,17 ,34 ,36 ,0 ,9.0
267 ,0 ,0 ,0 ,0 ,0 ,0 ,0 ,0 ,0 ,0 ,36 ,0 ,9.0
268 ,0 ,0 ,0 ,0 ,0 ,0 ,0 ,0 ,0 ,0 ,36 ,0 ,10.0
269 ,0 ,0 ,0 ,0 ,0 ,0 ,0 ,0 ,0 ,0 ,36 ,0 ,11.0
270 ,0 ,0 ,0 ,0 ,0 ,0 ,0 ,0 ,0 ,0 ,38 ,2 ,14.0
271 ,0 ,2 ,0 ,1 ,2 ,1 ,3 ,1 ,2 ,12 ,38 ,0 ,14.0
272 ,0 ,0 ,0 ,0 ,0 ,0 ,0 ,0 ,0 ,0 ,37 ,1 ,13.0
273 ,4 ,1 ,4 ,3 ,0 ,2 ,2 ,0 ,16 ,32 ,37 ,0 ,13.0
274 ,0 ,0 ,0 ,0 ,0 ,0 ,0 ,0 ,0 ,0 ,38 ,1 ,13.0
275 ,4 ,4 ,3 ,2 ,1 ,5 ,3 ,0 ,16 ,38 ,38 ,0 ,14.0
276 ,0 ,0 ,0 ,0 ,0 ,0 ,0 ,0 ,0 ,0 ,37 ,1 ,13.0
277 ,0 ,0 ,0 ,0 ,0 ,0 ,0 ,0 ,0 ,0 ,41 ,4 ,10.0
278 ,0 ,2 ,0 ,1 ,3 ,0 ,4 ,4 ,2 ,16 ,41 ,0 ,10.0
279 ,0 ,0 ,0 ,0 ,0 ,0 ,0 ,0 ,0 ,0 ,40 ,1 ,9.0
280 ,0 ,0 ,0 ,0 ,0 ,0 ,0 ,0 ,0 ,0 ,40 ,0 ,10.0
281 ,0 ,0 ,0 ,0 ,0 ,0 ,0 ,0 ,0 ,0 ,40 ,0 ,11.0
282 ,0 ,0 ,0 ,0 ,0 ,0 ,0 ,0 ,0 ,0 ,46 ,6 ,5.0
283 ,2 ,12 ,52 ,15 ,0 ,3 ,4 ,1 ,87 ,176 ,46 ,0 ,5.0
284 ,0 ,0 ,0 ,0 ,0 ,0 ,0 ,0 ,0 ,0 ,46 ,0 ,5.0
285 ,0 ,0 ,0 ,0 ,0 ,0 ,0 ,0 ,0 ,0 ,46 ,0 ,5.0
286 ,11 ,5 ,31 ,6 ,0 ,3 ,11 ,23 ,84 ,174 ,48 ,2 ,3.0
287 ,4 ,70 ,98 ,81 ,24 ,31 ,29 ,63 ,400 ,800 ,48 ,0 ,3.0
288 ,0 ,0 ,0 ,0 ,0 ,0 ,0 ,0 ,0 ,0 ,47 ,1 ,3.0
289 ,0 ,0 ,0 ,0 ,0 ,0 ,0 ,0 ,0 ,0 ,50 ,3 ,1.0
290 ,3 ,10 ,38 ,9 ,2 ,9 ,8 ,20 ,23 ,122 ,50 ,0 ,1.0
291 ,0 ,0 ,0 ,0 ,0 ,0 ,0 ,0 ,0 ,0 ,50 ,0 ,1.0
292 ,0 ,0 ,0 ,0 ,0 ,0 ,0 ,0 ,0 ,0 ,50 ,0 ,1.0
293 ,0 ,0 ,0 ,0 ,0 ,0 ,0 ,0 ,0 ,0 ,50 ,0 ,2.0
294 ,0 ,0 ,0 ,0 ,0 ,0 ,0 ,0 ,0 ,0 ,51 ,1 ,1.0
295 ,3 ,4 ,28 ,13 ,6 ,5 ,3 ,16 ,16 ,94 ,51 ,0 ,1.0
296 ,0 ,0 ,0 ,0 ,0 ,0 ,0 ,0 ,0 ,0 ,52 ,1 ,1.0
297 ,2 ,12 ,33 ,14 ,5 ,5 ,4 ,2 ,7 ,84 ,52 ,0 ,1.0
298 ,0 ,0 ,0 ,0 ,0 ,0 ,0 ,0 ,0 ,0 ,52 ,0 ,1.0
299 ,8 ,10 ,3 ,8 ,5 ,3 ,3 ,8 ,48 ,96 ,52 ,0 ,1.0
300 ,0 ,0 ,0 ,0 ,0 ,0 ,0 ,0 ,0 ,0 ,51 ,1 ,1.0
301 ,0 ,0 ,0 ,0 ,0 ,0 ,0 ,0 ,0 ,0 ,52 ,1 ,2.0
302 ,13 ,21 ,29 ,20 ,10 ,1 ,4 ,3 ,95 ,196 ,52 ,0 ,2.0
303 ,0 ,0 ,0 ,0 ,0 ,0 ,0 ,0 ,0 ,0 ,51 ,1 ,1.0
304 ,0 ,0 ,0 ,0 ,0 ,0 ,0 ,0 ,0 ,0 ,51 ,0 ,1.0
305 ,0 ,0 ,0 ,0 ,0 ,0 ,0 ,0 ,0 ,0 ,53 ,2 ,0.0
306 ,0 ,0 ,0 ,0 ,0 ,0 ,0 ,0 ,0 ,0 ,53 ,0 ,1.0
307 ,4 ,24 ,68 ,25 ,10 ,4 ,4 ,13 ,152 ,304 ,53 ,0 ,1.0
308 ,0 ,0 ,0 ,0 ,0 ,0 ,0 ,0 ,0 ,0 ,51 ,2 ,3.0
309 ,1 ,3 ,6 ,2 ,1 ,3 ,2 ,13 ,29 ,60 ,51 ,0 ,3.0
310 ,0 ,0 ,0 ,0 ,0 ,0 ,0 ,0 ,0 ,0 ,55 ,4 ,5.0
311 ,3 ,16 ,34 ,17 ,2 ,1 ,0 ,18 ,55 ,146 ,51 ,4 ,8.0
312 ,0 ,0 ,0 ,0 ,0 ,0 ,0 ,0 ,0 ,0 ,35 ,16 ,24.0
313 ,0 ,0 ,0 ,0 ,0 ,0 ,0 ,0 ,0 ,0 ,36 ,1 ,23.0
314 ,4 ,14 ,31 ,11 ,4 ,2 ,4 ,7 ,77 ,154 ,38 ,2 ,26.0
315 ,0 ,0 ,0 ,0 ,0 ,0 ,0 ,0 ,0 ,0 ,36 ,2 ,28.0
316 ,0 ,0 ,0 ,0 ,0 ,0 ,0 ,0 ,0 ,0 ,36 ,0 ,27.0
317 ,0 ,0 ,0 ,0 ,0 ,0 ,0 ,0 ,0 ,0 ,36 ,0 ,27.0
318 ,0 ,0 ,0 ,0 ,0 ,0 ,0 ,0 ,0 ,0 ,37 ,1 ,27.0
319 ,3 ,5 ,30 ,9 ,3 ,0 ,1 ,2 ,11 ,64 ,37 ,0 ,27.0
320 ,0 ,0 ,0 ,0 ,0 ,0 ,0 ,0 ,0 ,0 ,35 ,2 ,29.0
321 ,0 ,3 ,22 ,4 ,0 ,2 ,1 ,1 ,25 ,58 ,35 ,0 ,29.0
322 ,0 ,0 ,0 ,0 ,0 ,0 ,0 ,0 ,0 ,0 ,34 ,1 ,28.0
323 ,0 ,2 ,4 ,4 ,2 ,1 ,5 ,4 ,10 ,32 ,34 ,0 ,28.0
324 ,0 ,0 ,0 ,0 ,0 ,0 ,0 ,0 ,0 ,0 ,32 ,2 ,29.0
325 ,0 ,0 ,0 ,0 ,0 ,0 ,0 ,0 ,0 ,0 ,33 ,1 ,30.0
326 ,2 ,0 ,2 ,2 ,3 ,5 ,4 ,5 ,3 ,26 ,33 ,0 ,29.0
327 ,0 ,0 ,0 ,0 ,0 ,0 ,0 ,0 ,0 ,0 ,29 ,4 ,33.0
328 ,0 ,0 ,0 ,0 ,0 ,0 ,0 ,0 ,0 ,0 ,29 ,0 ,32.0
329 ,0 ,0 ,0 ,0 ,0 ,0 ,0 ,0 ,0 ,0 ,29 ,0 ,31.0
330 ,0 ,3 ,19 ,4 ,2 ,3 ,3 ,0 ,34 ,68 ,30 ,1 ,31.0
331 ,1 ,2 ,18 ,1 ,1 ,2 ,3 ,3 ,5 ,36 ,30 ,0 ,31.0
332 ,0 ,0 ,0 ,0 ,0 ,0 ,0 ,0 ,0 ,0 ,24 ,6 ,38.0
333 ,1 ,5 ,16 ,3 ,4 ,2 ,0 ,0 ,31 ,62 ,24 ,0 ,38.0
334 ,0 ,0 ,0 ,0 ,0 ,0 ,0 ,0 ,0 ,0 ,24 ,0 ,38.0
335 ,4 ,14 ,46 ,16 ,7 ,2 ,2 ,3 ,94 ,188 ,24 ,0 ,38.0
336 ,0 ,0 ,0 ,0 ,0 ,0 ,0 ,0 ,0 ,0 ,21 ,3 ,40.0
337 ,0 ,0 ,0 ,0 ,0 ,0 ,0 ,0 ,0 ,0 ,21 ,0 ,40.0
338 ,0 ,1 ,13 ,0 ,1 ,1 ,2 ,3 ,21 ,42 ,21 ,0 ,39.0
339 ,3 ,9 ,28 ,7 ,0 ,1 ,4 ,4 ,56 ,112 ,18 ,3 ,42.0
340 ,0 ,0 ,0 ,0 ,0 ,0 ,0 ,0 ,0 ,0 ,18 ,0 ,41.0
341 ,0 ,0 ,0 ,0 ,0 ,0 ,0 ,0 ,0 ,0 ,18 ,0 ,41.0
342 ,0 ,0 ,0 ,0 ,0 ,0 ,0 ,0 ,0 ,0 ,18 ,0 ,42.0
343 ,0 ,3 ,4 ,7 ,1 ,1 ,1 ,0 ,13 ,30 ,18 ,0 ,42.0
344 ,0 ,0 ,0 ,0 ,0 ,0 ,0 ,0 ,0 ,0 ,17 ,1 ,42.0
345 ,2 ,2 ,9 ,5 ,1 ,1 ,2 ,1 ,3 ,26 ,17 ,0 ,42.0
346 ,0 ,0 ,0 ,0 ,0 ,0 ,0 ,0 ,0 ,0 ,16 ,1 ,44.0
347 ,0 ,2 ,2 ,0 ,1 ,1 ,2 ,4 ,8 ,20 ,16 ,0 ,42.0
348 ,0 ,0 ,0 ,0 ,0 ,0 ,0 ,0 ,0 ,0 ,16 ,0 ,42.0
349 ,0 ,0 ,0 ,0 ,0 ,0 ,0 ,0 ,0 ,0 ,16 ,0 ,43.0
350 ,1 ,3 ,9 ,0 ,1 ,1 ,2 ,0 ,17 ,34 ,16 ,0 ,42.0
351 ,3 ,1 ,3 ,0 ,0 ,0 ,2 ,2 ,3 ,14 ,15 ,1 ,43.0
352 ,0 ,0 ,0 ,0 ,0 ,0 ,0 ,0 ,0 ,0 ,15 ,0 ,42.0
353 ,0 ,0 ,0 ,0 ,0 ,0 ,0 ,0 ,0 ,0 ,16 ,1 ,42.0
354 ,0 ,0 ,0 ,0 ,0 ,0 ,0 ,0 ,0 ,0 ,16 ,0 ,42.0
355 ,1 ,1 ,12 ,1 ,0 ,2 ,1 ,1 ,9 ,28 ,15 ,1 ,44.0
356 ,0 ,0 ,0 ,0 ,0 ,0 ,0 ,0 ,0 ,0 ,15 ,0 ,43.0
357 ,2 ,2 ,1 ,9 ,1 ,1 ,1 ,4 ,19 ,40 ,15 ,0 ,43.0
358 ,0 ,0 ,0 ,0 ,0 ,0 ,0 ,0 ,0 ,0 ,14 ,1 ,42.0
359 ,2 ,1 ,1 ,3 ,1 ,2 ,5 ,1 ,4 ,20 ,14 ,0 ,41.0
360 ,0 ,0 ,0 ,0 ,0 ,0 ,0 ,0 ,0 ,0 ,11 ,3 ,45.0
361 ,0 ,0 ,0 ,0 ,0 ,0 ,0 ,0 ,0 ,0 ,11 ,0 ,42.0
362 ,0 ,3 ,9 ,0 ,2 ,2 ,0 ,1 ,3 ,20 ,11 ,0 ,26.0
363 ,0 ,0 ,0 ,0 ,0 ,0 ,0 ,0 ,0 ,0 ,11 ,0 ,27.0
364 ,0 ,0 ,0 ,0 ,0 ,0 ,0 ,0 ,0 ,0 ,8 ,3 ,28.0
365 ,0 ,0 ,0 ,0 ,0 ,0 ,0 ,0 ,0 ,0 ,8 ,0 ,26.0
366 ,0 ,0 ,0 ,0 ,0 ,0 ,0 ,0 ,0 ,0 ,9 ,1 ,27.0
367 ,1 ,3 ,3 ,1 ,1 ,0 ,0 ,0 ,1 ,10 ,9 ,0 ,27.0
368 ,0 ,0 ,0 ,0 ,0 ,0 ,0 ,0 ,0 ,0 ,9 ,0 ,28.0
369 ,0 ,0 ,0 ,0 ,0 ,0 ,0 ,0 ,0 ,0 ,9 ,0 ,28.0
370 ,0 ,0 ,0 ,0 ,0 ,0 ,0 ,0 ,0 ,0 ,9 ,0 ,27.0
371 ,2 ,1 ,2 ,3 ,2 ,1 ,1 ,0 ,12 ,24 ,9 ,0 ,27.0
372 ,0 ,0 ,0 ,0 ,0 ,0 ,0 ,0 ,0 ,0 ,9 ,0 ,25.0
373 ,0 ,0 ,0 ,0 ,0 ,0 ,0 ,0 ,0 ,0 ,9 ,0 ,25.0
374 ,0 ,3 ,3 ,1 ,1 ,1 ,0 ,4 ,11 ,24 ,9 ,0 ,23.0
375 ,0 ,0 ,0 ,0 ,0 ,0 ,0 ,0 ,0 ,0 ,8 ,1 ,24.0
376 ,0 ,0 ,0 ,0 ,0 ,0 ,0 ,0 ,0 ,0 ,8 ,0 ,23.0
377 ,0 ,0 ,0 ,0 ,0 ,0 ,0 ,0 ,0 ,0 ,8 ,0 ,19.0
378 ,2 ,4 ,8 ,1 ,1 ,2 ,2 ,2 ,22 ,44 ,9 ,1 ,20.0
379 ,0 ,0 ,0 ,0 ,0 ,0 ,0 ,0 ,0 ,0 ,9 ,0 ,20.0
380 ,2 ,1 ,4 ,2 ,1 ,1 ,0 ,2 ,9 ,22 ,9 ,0 ,21.0
381 ,1 ,2 ,9 ,1 ,0 ,2 ,0 ,1 ,16 ,32 ,9 ,0 ,21.0
382 ,0 ,0 ,0 ,0 ,0 ,0 ,0 ,0 ,0 ,0 ,8 ,1 ,15.0
383 ,0 ,1 ,4 ,3 ,0 ,0 ,0 ,1 ,7 ,16 ,8 ,0 ,15.0
384 ,0 ,0 ,0 ,0 ,0 ,0 ,0 ,0 ,0 ,0 ,8 ,0 ,14.0
385 ,0 ,0 ,0 ,0 ,0 ,0 ,0 ,0 ,0 ,0 ,8 ,0 ,15.0
386 ,2 ,0 ,5 ,3 ,2 ,3 ,2 ,1 ,18 ,36 ,8 ,0 ,12.0
387 ,0 ,0 ,0 ,0 ,0 ,0 ,0 ,0 ,0 ,0 ,8 ,0 ,12.0
388 ,0 ,0 ,0 ,0 ,0 ,0 ,0 ,0 ,0 ,0 ,8 ,0 ,11.0
389 ,0 ,0 ,0 ,0 ,0 ,0 ,0 ,0 ,0 ,0 ,8 ,0 ,8.0
390 ,0 ,0 ,0 ,0 ,0 ,0 ,0 ,0 ,0 ,0 ,9 ,1 ,8.0
391 ,2 ,0 ,6 ,1 ,0 ,2 ,1 ,2 ,2 ,16 ,9 ,0 ,8.0
392 ,0 ,0 ,0 ,0 ,0 ,0 ,0 ,0 ,0 ,0 ,8 ,1 ,8.0
393 ,1 ,2 ,6 ,3 ,1 ,1 ,0 ,3 ,15 ,32 ,8 ,0 ,8.0
394 ,0 ,0 ,0 ,0 ,0 ,0 ,0 ,0 ,0 ,0 ,9 ,1 ,7.0
395 ,5 ,6 ,5 ,10 ,4 ,0 ,2 ,3 ,25 ,60 ,9 ,0 ,6.0
396 ,0 ,0 ,0 ,0 ,0 ,0 ,0 ,0 ,0 ,0 ,8 ,1 ,4.0
397 ,0 ,0 ,0 ,0 ,0 ,0 ,0 ,0 ,0 ,0 ,10 ,2 ,6.0
398 ,1 ,2 ,0 ,0 ,1 ,3 ,1 ,1 ,1 ,10 ,10 ,0 ,6.0
399 ,0 ,0 ,0 ,0 ,0 ,0 ,0 ,0 ,0 ,0 ,9 ,1 ,6.0
400 ,0 ,0 ,0 ,0 ,0 ,0 ,0 ,0 ,0 ,0 ,9 ,0 ,5.0
401 ,0 ,0 ,0 ,0 ,0 ,0 ,0 ,0 ,0 ,0 ,9 ,0 ,4.0
402 ,0 ,0 ,0 ,0 ,0 ,0 ,0 ,0 ,0 ,0 ,10 ,1 ,5.0
403 ,0 ,1 ,9 ,8 ,2 ,2 ,2 ,3 ,27 ,54 ,9 ,1 ,6.0
404 ,0 ,0 ,0 ,0 ,0 ,0 ,0 ,0 ,0 ,0 ,9 ,0 ,6.0
405 ,0 ,0 ,0 ,0 ,0 ,0 ,0 ,0 ,0 ,0 ,9 ,0 ,5.0
406 ,0 ,0 ,0 ,0 ,0 ,0 ,0 ,0 ,0 ,0 ,10 ,1 ,6.0
407 ,1 ,2 ,2 ,3 ,2 ,0 ,4 ,0 ,6 ,20 ,10 ,0 ,6.0
408 ,0 ,0 ,0 ,0 ,0 ,0 ,0 ,0 ,0 ,0 ,9 ,1 ,5.0
409 ,0 ,0 ,0 ,0 ,0 ,0 ,0 ,0 ,0 ,0 ,10 ,1 ,5.0
410 ,2 ,0 ,3 ,1 ,1 ,4 ,3 ,4 ,10 ,28 ,10 ,0 ,2.0
411 ,0 ,0 ,0 ,0 ,0 ,0 ,0 ,0 ,0 ,0 ,9 ,1 ,2.0
412 ,0 ,0 ,0 ,0 ,0 ,0 ,0 ,0 ,0 ,0 ,9 ,0 ,2.0
413 ,0 ,0 ,0 ,0 ,0 ,0 ,0 ,0 ,0 ,0 ,9 ,0 ,2.0
414 ,0 ,0 ,0 ,0 ,0 ,0 ,0 ,0 ,0 ,0 ,10 ,1 ,0.0
415 ,0 ,1 ,3 ,0 ,1 ,4 ,3 ,0 ,12 ,24 ,10 ,0 ,0.0
416 ,0 ,0 ,0 ,0 ,0 ,0 ,0 ,0 ,0 ,0 ,9 ,1 ,0.0
417 ,0 ,0 ,0 ,0 ,0 ,0 ,0 ,0 ,0 ,0 ,9 ,0 ,0.0
418 ,0 ,0 ,0 ,0 ,0 ,0 ,0 ,0 ,0 ,0 ,9 ,0 ,0.0
419 ,1 ,2 ,0 ,2 ,0 ,0 ,2 ,3 ,0 ,10 ,9 ,0 ,0.0
420 ,0 ,0 ,0 ,0 ,0 ,0 ,0 ,0 ,0 ,0 ,8 ,1 ,1.0
421 ,0 ,0 ,0 ,0 ,0 ,0 ,0 ,0 ,0 ,0 ,8 ,0 ,0.0
422 ,1 ,5 ,22 ,2 ,4 ,0 ,1 ,4 ,39 ,78 ,9 ,1 ,1.0
423 ,0 ,0 ,0 ,0 ,0 ,0 ,0 ,0 ,0 ,0 ,9 ,0 ,1.0
424 ,0 ,0 ,0 ,0 ,0 ,0 ,0 ,0 ,0 ,0 ,9 ,0 ,0.0
425 ,0 ,0 ,0 ,0 ,0 ,0 ,0 ,0 ,0 ,0 ,9 ,0 ,1.0
426 ,0 ,0 ,0 ,0 ,0 ,0 ,0 ,0 ,0 ,0 ,10 ,1 ,0.0
427 ,2 ,2 ,8 ,5 ,1 ,1 ,3 ,3 ,25 ,50 ,10 ,0 ,0.0
428 ,0 ,0 ,0 ,0 ,0 ,0 ,0 ,0 ,0 ,0 ,9 ,1 ,0.0
429 ,0 ,0 ,0 ,0 ,0 ,0 ,0 ,0 ,0 ,0 ,9 ,0 ,0.0
430 ,0 ,0 ,0 ,0 ,0 ,0 ,0 ,0 ,0 ,0 ,9 ,0 ,0.0
431 ,5 ,8 ,6 ,6 ,5 ,1 ,3 ,2 ,36 ,72 ,9 ,0 ,0.0
432 ,0 ,0 ,0 ,0 ,0 ,0 ,0 ,0 ,0 ,0 ,9 ,0 ,1.0
433 ,0 ,0 ,0 ,0 ,0 ,0 ,0 ,0 ,0 ,0 ,9 ,0 ,1.0
434 ,0 ,3 ,2 ,0 ,2 ,1 ,0 ,2 ,4 ,14 ,10 ,1 ,0.0
435 ,0 ,0 ,0 ,0 ,0 ,0 ,0 ,0 ,0 ,0 ,9 ,1 ,0.0
436 ,0 ,0 ,0 ,0 ,0 ,0 ,0 ,0 ,0 ,0 ,9 ,0 ,1.0
437 ,0 ,0 ,0 ,0 ,0 ,0 ,0 ,0 ,0 ,0 ,9 ,0 ,1.0
438 ,0 ,0 ,0 ,0 ,0 ,0 ,0 ,0 ,0 ,0 ,10 ,1 ,0.0
439 ,0 ,2 ,15 ,0 ,1 ,2 ,1 ,1 ,18 ,40 ,10 ,0 ,0.0
440 ,0 ,0 ,0 ,0 ,0 ,0 ,0 ,0 ,0 ,0 ,10 ,0 ,0.0
441 ,0 ,0 ,0 ,0 ,0 ,0 ,0 ,0 ,0 ,0 ,10 ,0 ,0.0
442 ,0 ,0 ,0 ,0 ,0 ,0 ,0 ,0 ,0 ,0 ,10 ,0 ,0.0
443 ,3 ,1 ,5 ,0 ,1 ,4 ,3 ,3 ,8 ,28 ,10 ,0 ,0.0
444 ,0 ,0 ,0 ,0 ,0 ,0 ,0 ,0 ,0 ,0 ,10 ,0 ,1.0
445 ,0 ,0 ,0 ,0 ,0 ,0 ,0 ,0 ,0 ,0 ,11 ,1 ,1.0
446 ,1 ,3 ,1 ,0 ,1 ,1 ,0 ,4 ,7 ,18 ,12 ,1 ,1.0
447 ,2 ,4 ,7 ,2 ,3 ,3 ,5 ,2 ,24 ,52 ,10 ,2 ,3.0
448 ,0 ,0 ,0 ,0 ,0 ,0 ,0 ,0 ,0 ,0 ,10 ,0 ,2.0
449 ,0 ,0 ,0 ,0 ,0 ,0 ,0 ,0 ,0 ,0 ,10 ,0 ,1.0
450 ,0 ,0 ,0 ,0 ,0 ,0 ,0 ,0 ,0 ,0 ,11 ,1 ,2.0
451 ,0 ,1 ,4 ,1 ,1 ,2 ,0 ,3 ,10 ,22 ,11 ,0 ,2.0
452 ,0 ,0 ,0 ,0 ,0 ,0 ,0 ,0 ,0 ,0 ,10 ,1 ,3.0
453 ,0 ,0 ,0 ,0 ,0 ,0 ,0 ,0 ,0 ,0 ,10 ,0 ,2.0
454 ,0 ,0 ,0 ,0 ,0 ,0 ,0 ,0 ,0 ,0 ,10 ,0 ,2.0
455 ,0 ,0 ,12 ,3 ,1 ,2 ,0 ,1 ,19 ,38 ,10 ,0 ,2.0
456 ,0 ,0 ,0 ,0 ,0 ,0 ,0 ,0 ,0 ,0 ,9 ,1 ,3.0
457 ,0 ,0 ,0 ,0 ,0 ,0 ,0 ,0 ,0 ,0 ,9 ,0 ,3.0
458 ,2 ,3 ,0 ,1 ,1 ,1 ,0 ,1 ,9 ,18 ,9 ,0 ,2.0
459 ,1 ,5 ,1 ,1 ,1 ,2 ,0 ,4 ,7 ,22 ,9 ,0 ,3.0
460 ,0 ,0 ,0 ,0 ,0 ,0 ,0 ,0 ,0 ,0 ,9 ,0 ,3.0
461 ,0 ,0 ,0 ,0 ,0 ,0 ,0 ,0 ,0 ,0 ,9 ,0 ,2.0
462 ,0 ,0 ,0 ,0 ,0 ,0 ,0 ,0 ,0 ,0 ,9 ,0 ,2.0
463 ,1 ,3 ,3 ,2 ,2 ,2 ,3 ,4 ,20 ,40 ,9 ,0 ,2.0
464 ,0 ,0 ,0 ,0 ,0 ,0 ,0 ,0 ,0 ,0 ,8 ,1 ,3.0
465 ,0 ,0 ,0 ,0 ,0 ,0 ,0 ,0 ,0 ,0 ,8 ,0 ,3.0
466 ,0 ,0 ,0 ,0 ,0 ,0 ,0 ,0 ,0 ,0 ,9 ,1 ,2.0
467 ,4 ,5 ,3 ,5 ,0 ,1 ,2 ,3 ,23 ,46 ,9 ,0 ,2.0
468 ,0 ,0 ,0 ,0 ,0 ,0 ,0 ,0 ,0 ,0 ,9 ,0 ,2.0
469 ,0 ,0 ,0 ,0 ,0 ,0 ,0 ,0 ,0 ,0 ,9 ,0 ,2.0
470 ,3 ,4 ,5 ,3 ,2 ,3 ,4 ,4 ,18 ,46 ,10 ,1 ,1.0
471 ,2 ,1 ,7 ,3 ,3 ,1 ,0 ,0 ,1 ,18 ,9 ,1 ,1.0
472 ,0 ,0 ,0 ,0 ,0 ,0 ,0 ,0 ,0 ,0 ,8 ,1 ,2.0
473 ,0 ,0 ,0 ,0 ,0 ,0 ,0 ,0 ,0 ,0 ,8 ,0 ,2.0
474 ,0 ,0 ,0 ,0 ,0 ,0 ,0 ,0 ,0 ,0 ,9 ,1 ,2.0
475 ,1 ,3 ,9 ,0 ,2 ,1 ,0 ,0 ,10 ,26 ,9 ,0 ,2.0
476 ,0 ,0 ,0 ,0 ,0 ,0 ,0 ,0 ,0 ,0 ,8 ,1 ,3.0
477 ,0 ,0 ,0 ,0 ,0 ,0 ,0 ,0 ,0 ,0 ,8 ,0 ,3.0
478 ,0 ,0 ,0 ,0 ,0 ,0 ,0 ,0 ,0 ,0 ,9 ,1 ,3.0
479 ,1 ,1 ,3 ,1 ,1 ,0 ,3 ,1 ,11 ,22 ,9 ,0 ,3.0
480 ,0 ,0 ,0 ,0 ,0 ,0 ,0 ,0 ,0 ,0 ,9 ,0 ,3.0
481 ,0 ,0 ,0 ,0 ,0 ,0 ,0 ,0 ,0 ,0 ,9 ,0 ,3.0
482 ,1 ,1 ,3 ,1 ,3 ,1 ,1 ,1 ,0 ,12 ,9 ,0 ,3.0
483 ,1 ,2 ,6 ,1 ,0 ,0 ,1 ,3 ,8 ,22 ,9 ,0 ,3.0
484 ,0 ,0 ,0 ,0 ,0 ,0 ,0 ,0 ,0 ,0 ,8 ,1 ,4.0
485 ,0 ,0 ,0 ,0 ,0 ,0 ,0 ,0 ,0 ,0 ,8 ,0 ,3.0
486 ,0 ,0 ,0 ,0 ,0 ,0 ,0 ,0 ,0 ,0 ,9 ,1 ,4.0
487 ,2 ,1 ,2 ,1 ,1 ,2 ,0 ,2 ,5 ,16 ,9 ,0 ,4.0
488 ,0 ,0 ,0 ,0 ,0 ,0 ,0 ,0 ,0 ,0 ,8 ,1 ,4.0
489 ,0 ,0 ,0 ,0 ,0 ,0 ,0 ,0 ,0 ,0 ,8 ,0 ,4.0
490 ,0 ,0 ,0 ,0 ,0 ,0 ,0 ,0 ,0 ,0 ,9 ,1 ,5.0
491 ,1 ,2 ,11 ,1 ,2 ,2 ,0 ,2 ,1 ,22 ,9 ,0 ,4.0
492 ,2 ,0 ,6 ,2 ,2 ,0 ,1 ,2 ,9 ,24 ,8 ,1 ,4.0
493 ,0 ,0 ,0 ,0 ,0 ,0 ,0 ,0 ,0 ,0 ,8 ,0 ,4.0
494 ,1 ,1 ,3 ,1 ,2 ,2 ,2 ,0 ,8 ,20 ,8 ,0 ,4.0
495 ,2 ,1 ,3 ,0 ,0 ,2 ,1 ,2 ,11 ,22 ,8 ,0 ,6.0
496 ,0 ,0 ,0 ,0 ,0 ,0 ,0 ,0 ,0 ,0 ,7 ,1 ,6.0
497 ,0 ,0 ,0 ,0 ,0 ,0 ,0 ,0 ,0 ,0 ,7 ,0 ,4.0
498 ,0 ,0 ,0 ,0 ,0 ,0 ,0 ,0 ,0 ,0 ,8 ,1 ,4.0
499 ,1 ,2 ,4 ,1 ,1 ,1 ,0 ,2 ,2 ,14 ,8 ,0 ,4.0
500 ,0 ,0 ,0 ,0 ,0 ,0 ,0 ,0 ,0 ,0 ,7 ,1 ,5.0
501 ,0 ,0 ,0 ,0 ,0 ,0 ,0 ,0 ,0 ,0 ,7 ,0 ,5.0
502 ,0 ,0 ,0 ,0 ,0 ,0 ,0 ,0 ,0 ,0 ,7 ,0 ,4.0
503 ,1 ,5 ,13 ,1 ,1 ,2 ,0 ,10 ,31 ,64 ,7 ,0 ,4.0
504 ,0 ,0 ,0 ,0 ,0 ,0 ,0 ,0 ,0 ,0 ,7 ,0 ,4.0
505 ,0 ,0 ,0 ,0 ,0 ,0 ,0 ,0 ,0 ,0 ,7 ,0 ,3.0
506 ,0 ,1 ,3 ,0 ,0 ,2 ,0 ,3 ,3 ,12 ,7 ,0 ,2.0
507 ,0 ,0 ,0 ,0 ,0 ,0 ,0 ,0 ,0 ,0 ,7 ,0 ,3.0
508 ,3 ,4 ,0 ,1 ,1 ,1 ,1 ,2 ,9 ,22 ,7 ,0 ,2.0
509 ,0 ,0 ,0 ,0 ,0 ,0 ,0 ,0 ,0 ,0 ,7 ,0 ,2.0
510 ,0 ,0 ,0 ,0 ,0 ,0 ,0 ,0 ,0 ,0 ,7 ,0 ,3.0
511 ,1 ,4 ,0 ,3 ,1 ,3 ,2 ,2 ,12 ,28 ,7 ,0 ,3.0
512 ,0 ,0 ,0 ,0 ,0 ,0 ,0 ,0 ,0 ,0 ,7 ,0 ,2.0
513 ,0 ,0 ,0 ,0 ,0 ,0 ,0 ,0 ,0 ,0 ,7 ,0 ,2.0
514 ,0 ,0 ,0 ,0 ,0 ,0 ,0 ,0 ,0 ,0 ,7 ,0 ,2.0
515 ,1 ,2 ,2 ,1 ,3 ,2 ,3 ,1 ,13 ,28 ,7 ,0 ,1.0
516 ,0 ,0 ,0 ,0 ,0 ,0 ,0 ,0 ,0 ,0 ,7 ,0 ,2.0
517 ,0 ,0 ,0 ,0 ,0 ,0 ,0 ,0 ,0 ,0 ,7 ,0 ,2.0
518 ,0 ,3 ,0 ,1 ,1 ,1 ,1 ,1 ,6 ,14 ,7 ,0 ,2.0
519 ,0 ,0 ,0 ,0 ,0 ,0 ,0 ,0 ,0 ,0 ,7 ,0 ,3.0
520 ,0 ,2 ,3 ,5 ,1 ,1 ,0 ,4 ,10 ,26 ,7 ,0 ,4.0
521 ,0 ,0 ,0 ,0 ,0 ,0 ,0 ,0 ,0 ,0 ,7 ,0 ,3.0
522 ,0 ,0 ,0 ,0 ,0 ,0 ,0 ,0 ,0 ,0 ,7 ,0 ,2.0
523 ,1 ,2 ,4 ,0 ,0 ,1 ,1 ,1 ,2 ,12 ,7 ,0 ,2.0
524 ,0 ,0 ,0 ,0 ,0 ,0 ,0 ,0 ,0 ,0 ,7 ,0 ,2.0
525 ,0 ,0 ,0 ,0 ,0 ,0 ,0 ,0 ,0 ,0 ,7 ,0 ,2.0
526 ,0 ,0 ,0 ,0 ,0 ,0 ,0 ,0 ,0 ,0 ,7 ,0 ,2.0
527 ,0 ,1 ,2 ,1 ,1 ,2 ,1 ,1 ,5 ,14 ,7 ,0 ,2.0
528 ,0 ,0 ,0 ,0 ,0 ,0 ,0 ,0 ,0 ,0 ,6 ,1 ,3.0
529 ,0 ,0 ,0 ,0 ,0 ,0 ,0 ,0 ,0 ,0 ,6 ,0 ,2.0
530 ,0 ,2 ,1 ,0 ,2 ,1 ,1 ,1 ,2 ,10 ,6 ,0 ,2.0
531 ,0 ,0 ,0 ,0 ,0 ,0 ,0 ,0 ,0 ,0 ,6 ,0 ,3.0
532 ,0 ,1 ,3 ,2 ,0 ,2 ,0 ,1 ,9 ,18 ,6 ,0 ,2.0
533 ,0 ,0 ,0 ,0 ,0 ,0 ,0 ,0 ,0 ,0 ,6 ,0 ,2.0
534 ,0 ,0 ,0 ,0 ,0 ,0 ,0 ,0 ,0 ,0 ,6 ,0 ,1.0
535 ,1 ,2 ,2 ,1 ,0 ,1 ,2 ,2 ,11 ,22 ,6 ,0 ,1.0
536 ,0 ,0 ,0 ,0 ,0 ,0 ,0 ,0 ,0 ,0 ,5 ,1 ,2.0
537 ,0 ,0 ,0 ,0 ,0 ,0 ,0 ,0 ,0 ,0 ,5 ,0 ,2.0
538 ,0 ,0 ,0 ,0 ,0 ,0 ,0 ,0 ,0 ,0 ,6 ,1 ,1.0
539 ,1 ,0 ,2 ,1 ,1 ,0 ,1 ,1 ,7 ,14 ,6 ,0 ,1.0
540 ,0 ,0 ,0 ,0 ,0 ,0 ,0 ,0 ,0 ,0 ,5 ,1 ,2.0
541 ,0 ,0 ,0 ,0 ,0 ,0 ,0 ,0 ,0 ,0 ,6 ,1 ,3.0
542 ,3 ,3 ,5 ,1 ,2 ,0 ,0 ,2 ,12 ,28 ,6 ,0 ,2.0
543 ,0 ,0 ,0 ,0 ,0 ,0 ,0 ,0 ,0 ,0 ,6 ,0 ,2.0
544 ,3 ,2 ,1 ,3 ,3 ,3 ,1 ,2 ,18 ,36 ,6 ,0 ,2.0
545 ,0 ,0 ,0 ,0 ,0 ,0 ,0 ,0 ,0 ,0 ,5 ,1 ,1.0
546 ,0 ,0 ,0 ,0 ,0 ,0 ,0 ,0 ,0 ,0 ,6 ,1 ,0.0
547 ,1 ,1 ,1 ,1 ,1 ,1 ,1 ,5 ,8 ,20 ,6 ,0 ,0.0
548 ,0 ,0 ,0 ,0 ,0 ,0 ,0 ,0 ,0 ,0 ,6 ,0 ,1.0
549 ,0 ,0 ,0 ,0 ,0 ,0 ,0 ,0 ,0 ,0 ,6 ,0 ,1.0
550 ,0 ,0 ,0 ,0 ,0 ,0 ,0 ,0 ,0 ,0 ,6 ,0 ,0.0
551 ,0 ,1 ,1 ,2 ,0 ,1 ,1 ,2 ,2 ,10 ,6 ,0 ,0.0
552 ,0 ,0 ,0 ,0 ,0 ,0 ,0 ,0 ,0 ,0 ,6 ,0 ,0.0
553 ,0 ,0 ,0 ,0 ,0 ,0 ,0 ,0 ,0 ,0 ,6 ,0 ,0.0
554 ,1 ,2 ,3 ,0 ,0 ,1 ,1 ,1 ,5 ,14 ,6 ,0 ,0.0
555 ,0 ,0 ,0 ,0 ,0 ,0 ,0 ,0 ,0 ,0 ,7 ,1 ,0.0
556 ,1 ,1 ,2 ,1 ,2 ,1 ,2 ,1 ,3 ,14 ,7 ,0 ,0.0
557 ,0 ,0 ,0 ,0 ,0 ,0 ,0 ,0 ,0 ,0 ,6 ,1 ,0.0
558 ,0 ,0 ,0 ,0 ,0 ,0 ,0 ,0 ,0 ,0 ,7 ,1 ,1.0
559 ,1 ,0 ,2 ,1 ,1 ,1 ,0 ,1 ,1 ,8 ,7 ,0 ,1.0
560 ,0 ,0 ,0 ,0 ,0 ,0 ,0 ,0 ,0 ,0 ,6 ,1 ,0.0
561 ,0 ,0 ,0 ,0 ,0 ,0 ,0 ,0 ,0 ,0 ,6 ,0 ,0.0
562 ,0 ,0 ,0 ,0 ,0 ,0 ,0 ,0 ,0 ,0 ,7 ,1 ,0.0
563 ,2 ,3 ,2 ,1 ,1 ,1 ,0 ,2 ,12 ,24 ,7 ,0 ,0.0
564 ,0 ,0 ,0 ,0 ,0 ,0 ,0 ,0 ,0 ,0 ,6 ,1 ,0.0
565 ,0 ,0 ,0 ,0 ,0 ,0 ,0 ,0 ,0 ,0 ,7 ,1 ,0.0
566 ,3 ,2 ,6 ,2 ,2 ,2 ,2 ,2 ,9 ,30 ,7 ,0 ,0.0
567 ,0 ,0 ,0 ,0 ,0 ,0 ,0 ,0 ,0 ,0 ,7 ,0 ,0.0
568 ,1 ,1 ,3 ,1 ,2 ,3 ,3 ,1 ,9 ,24 ,7 ,0 ,0.0
569 ,0 ,0 ,0 ,0 ,0 ,0 ,0 ,0 ,0 ,0 ,6 ,1 ,1.0
570 ,0 ,0 ,0 ,0 ,0 ,0 ,0 ,0 ,0 ,0 ,6 ,0 ,0.0
571 ,0 ,1 ,4 ,1 ,2 ,1 ,2 ,0 ,7 ,18 ,6 ,0 ,0.0
572 ,0 ,0 ,0 ,0 ,0 ,0 ,0 ,0 ,0 ,0 ,6 ,0 ,1.0
573 ,0 ,0 ,0 ,0 ,0 ,0 ,0 ,0 ,0 ,0 ,6 ,0 ,1.0
574 ,0 ,0 ,0 ,0 ,0 ,0 ,0 ,0 ,0 ,0 ,7 ,1 ,0.0
575 ,2 ,1 ,3 ,1 ,2 ,1 ,0 ,1 ,9 ,20 ,7 ,0 ,0.0
576 ,0 ,0 ,0 ,0 ,0 ,0 ,0 ,0 ,0 ,0 ,6 ,1 ,0.0
577 ,0 ,0 ,0 ,0 ,0 ,0 ,0 ,0 ,0 ,0 ,6 ,0 ,1.0
578 ,1 ,0 ,1 ,2 ,3 ,3 ,1 ,1 ,6 ,18 ,6 ,0 ,2.0
579 ,0 ,0 ,0 ,0 ,0 ,0 ,0 ,0 ,0 ,0 ,7 ,1 ,2.0
580 ,2 ,6 ,1 ,3 ,2 ,2 ,2 ,4 ,20 ,42 ,7 ,0 ,2.0
581 ,0 ,0 ,0 ,0 ,0 ,0 ,0 ,0 ,0 ,0 ,6 ,1 ,2.0
582 ,0 ,0 ,0 ,0 ,0 ,0 ,0 ,0 ,0 ,0 ,7 ,1 ,2.0
583 ,1 ,0 ,1 ,2 ,0 ,2 ,1 ,1 ,6 ,14 ,7 ,0 ,2.0
584 ,0 ,0 ,0 ,0 ,0 ,0 ,0 ,0 ,0 ,0 ,7 ,0 ,3.0
585 ,0 ,0 ,0 ,0 ,0 ,0 ,0 ,0 ,0 ,0 ,7 ,0 ,3.0
586 ,0 ,0 ,0 ,0 ,0 ,0 ,0 ,0 ,0 ,0 ,7 ,0 ,3.0
587 ,1 ,3 ,2 ,0 ,3 ,1 ,4 ,0 ,14 ,28 ,7 ,0 ,3.0
588 ,0 ,0 ,0 ,0 ,0 ,0 ,0 ,0 ,0 ,0 ,7 ,0 ,3.0
589 ,0 ,0 ,0 ,0 ,0 ,0 ,0 ,0 ,0 ,0 ,7 ,0 ,3.0
590 ,0 ,1 ,2 ,0 ,1 ,2 ,1 ,3 ,0 ,10 ,7 ,0 ,4.0
591 ,0 ,0 ,0 ,0 ,0 ,0 ,0 ,0 ,0 ,0 ,6 ,1 ,3.0
592 ,2 ,2 ,1 ,2 ,1 ,2 ,1 ,2 ,7 ,20 ,6 ,0 ,3.0
593 ,0 ,0 ,0 ,0 ,0 ,0 ,0 ,0 ,0 ,0 ,6 ,0 ,3.0
594 ,0 ,0 ,0 ,0 ,0 ,0 ,0 ,0 ,0 ,0 ,6 ,0 ,3.0
595 ,1 ,2 ,3 ,0 ,1 ,0 ,0 ,1 ,8 ,16 ,7 ,1 ,3.0
596 ,0 ,0 ,0 ,0 ,0 ,0 ,0 ,0 ,0 ,0 ,7 ,0 ,3.0
597 ,0 ,0 ,0 ,0 ,0 ,0 ,0 ,0 ,0 ,0 ,7 ,0 ,4.0
598 ,0 ,0 ,0 ,0 ,0 ,0 ,0 ,0 ,0 ,0 ,7 ,0 ,3.0
599 ,3 ,1 ,4 ,4 ,3 ,0 ,3 ,4 ,22 ,44 ,7 ,0 ,3.0
600 ,0 ,0 ,0 ,0 ,0 ,0 ,0 ,0 ,0 ,0 ,7 ,0 ,3.0
601 ,0 ,0 ,0 ,0 ,0 ,0 ,0 ,0 ,0 ,0 ,7 ,0 ,4.0
602 ,0 ,0 ,0 ,0 ,0 ,0 ,0 ,0 ,0 ,0 ,7 ,0 ,4.0
603 ,0 ,0 ,0 ,0 ,0 ,0 ,0 ,0 ,0 ,0 ,7 ,0 ,4.0
604 ,1 ,2 ,4 ,2 ,2 ,1 ,1 ,1 ,14 ,28 ,7 ,0 ,4.0
605 ,0 ,0 ,0 ,0 ,0 ,0 ,0 ,0 ,0 ,0 ,7 ,0 ,3.0
606 ,0 ,0 ,0 ,0 ,0 ,0 ,0 ,0 ,0 ,0 ,7 ,0 ,3.0
607 ,2 ,1 ,4 ,1 ,0 ,2 ,0 ,0 ,6 ,16 ,7 ,0 ,4.0
608 ,0 ,0 ,0 ,0 ,0 ,0 ,0 ,0 ,0 ,0 ,6 ,1 ,3.0
609 ,0 ,0 ,0 ,0 ,0 ,0 ,0 ,0 ,0 ,0 ,6 ,0 ,3.0
610 ,0 ,0 ,0 ,0 ,0 ,0 ,0 ,0 ,0 ,0 ,7 ,1 ,4.0
611 ,2 ,1 ,5 ,4 ,2 ,1 ,1 ,0 ,6 ,22 ,7 ,0 ,4.0
612 ,0 ,0 ,0 ,0 ,0 ,0 ,0 ,0 ,0 ,0 ,7 ,0 ,3.0
613 ,0 ,0 ,0 ,0 ,0 ,0 ,0 ,0 ,0 ,0 ,7 ,0 ,3.0
614 ,0 ,0 ,0 ,0 ,0 ,0 ,0 ,0 ,0 ,0 ,7 ,0 ,3.0
615 ,0 ,0 ,0 ,0 ,0 ,0 ,0 ,0 ,0 ,0 ,7 ,0 ,2.0
616 ,0 ,0 ,0 ,0 ,0 ,0 ,0 ,0 ,0 ,0 ,7 ,0 ,3.0
617 ,0 ,1 ,3 ,1 ,2 ,2 ,2 ,0 ,3 ,14 ,7 ,0 ,3.0
618 ,2 ,3 ,4 ,1 ,1 ,1 ,0 ,1 ,9 ,22 ,7 ,0 ,3.0
619 ,0 ,0 ,0 ,0 ,0 ,0 ,0 ,0 ,0 ,0 ,8 ,1 ,3.0
620 ,2 ,1 ,14 ,2 ,2 ,4 ,1 ,2 ,28 ,56 ,7 ,1 ,4.0
621 ,0 ,0 ,0 ,0 ,0 ,0 ,0 ,0 ,0 ,0 ,7 ,0 ,4.0
622 ,0 ,0 ,0 ,0 ,0 ,0 ,0 ,0 ,0 ,0 ,8 ,1 ,3.0
623 ,1 ,3 ,2 ,1 ,3 ,3 ,1 ,1 ,7 ,22 ,8 ,0 ,3.0
624 ,0 ,0 ,0 ,0 ,0 ,0 ,0 ,0 ,0 ,0 ,7 ,1 ,2.0
625 ,0 ,0 ,0 ,0 ,0 ,0 ,0 ,0 ,0 ,0 ,7 ,0 ,3.0
626 ,0 ,0 ,0 ,0 ,0 ,0 ,0 ,0 ,0 ,0 ,7 ,0 ,4.0
627 ,0 ,0 ,0 ,0 ,0 ,0 ,0 ,0 ,0 ,0 ,8 ,1 ,4.0
628 ,1 ,2 ,1 ,1 ,1 ,0 ,1 ,1 ,4 ,12 ,8 ,0 ,4.0
629 ,0 ,0 ,0 ,0 ,0 ,0 ,0 ,0 ,0 ,0 ,8 ,0 ,3.0
630 ,0 ,1 ,7 ,3 ,1 ,0 ,1 ,0 ,13 ,26 ,8 ,0 ,2.0
631 ,0 ,0 ,0 ,0 ,0 ,0 ,0 ,0 ,0 ,0 ,8 ,0 ,3.0
632 ,1 ,1 ,0 ,2 ,0 ,0 ,1 ,1 ,4 ,10 ,8 ,0 ,3.0
633 ,0 ,0 ,0 ,0 ,0 ,0 ,0 ,0 ,0 ,0 ,8 ,0 ,3.0
634 ,0 ,0 ,0 ,0 ,0 ,0 ,0 ,0 ,0 ,0 ,9 ,1 ,3.0
635 ,2 ,4 ,4 ,3 ,2 ,1 ,1 ,1 ,18 ,36 ,9 ,0 ,3.0
636 ,0 ,0 ,0 ,0 ,0 ,0 ,0 ,0 ,0 ,0 ,8 ,1 ,3.0
637 ,0 ,0 ,0 ,0 ,0 ,0 ,0 ,0 ,0 ,0 ,8 ,0 ,3.0
638 ,0 ,0 ,0 ,0 ,0 ,0 ,0 ,0 ,0 ,0 ,9 ,1 ,3.0
639 ,2 ,2 ,3 ,2 ,2 ,1 ,2 ,2 ,10 ,26 ,9 ,0 ,3.0
640 ,0 ,0 ,0 ,0 ,0 ,0 ,0 ,0 ,0 ,0 ,9 ,0 ,3.0
641 ,1 ,1 ,5 ,1 ,3 ,2 ,0 ,4 ,7 ,24 ,9 ,0 ,5.0
642 ,1 ,1 ,1 ,0 ,2 ,1 ,1 ,1 ,4 ,12 ,9 ,0 ,4.0
643 ,0 ,0 ,0 ,0 ,0 ,0 ,0 ,0 ,0 ,0 ,9 ,0 ,4.0
644 ,0 ,1 ,2 ,1 ,2 ,0 ,2 ,1 ,7 ,16 ,9 ,0 ,4.0
645 ,0 ,0 ,0 ,0 ,0 ,0 ,0 ,0 ,0 ,0 ,8 ,1 ,3.0
646 ,0 ,0 ,0 ,0 ,0 ,0 ,0 ,0 ,0 ,0 ,9 ,1 ,2.0
647 ,3 ,1 ,3 ,2 ,4 ,0 ,2 ,0 ,13 ,28 ,10 ,1 ,1.0
648 ,0 ,0 ,0 ,0 ,0 ,0 ,0 ,0 ,0 ,0 ,9 ,1 ,1.0
649 ,0 ,0 ,0 ,0 ,0 ,0 ,0 ,0 ,0 ,0 ,9 ,0 ,2.0
650 ,0 ,0 ,0 ,0 ,0 ,0 ,0 ,0 ,0 ,0 ,9 ,0 ,2.0
651 ,0 ,0 ,0 ,0 ,0 ,0 ,0 ,0 ,0 ,0 ,10 ,1 ,2.0
652 ,3 ,2 ,16 ,4 ,2 ,2 ,0 ,1 ,30 ,60 ,10 ,0 ,2.0
653 ,0 ,0 ,0 ,0 ,0 ,0 ,0 ,0 ,0 ,0 ,10 ,0 ,1.0
654 ,0 ,0 ,0 ,0 ,0 ,0 ,0 ,0 ,0 ,0 ,10 ,0 ,1.0
655 ,4 ,2 ,5 ,3 ,3 ,1 ,1 ,2 ,21 ,42 ,10 ,0 ,1.0
656 ,0 ,0 ,1 ,1 ,1 ,0 ,0 ,1 ,0 ,4 ,10 ,0 ,2.0
657 ,0 ,0 ,0 ,0 ,0 ,0 ,0 ,0 ,0 ,0 ,10 ,0 ,2.0
658 ,0 ,0 ,0 ,0 ,0 ,0 ,0 ,0 ,0 ,0 ,10 ,0 ,2.0
659 ,0 ,0 ,2 ,3 ,3 ,2 ,2 ,1 ,9 ,22 ,10 ,0 ,2.0
660 ,0 ,0 ,0 ,0 ,0 ,0 ,0 ,0 ,0 ,0 ,10 ,0 ,1.0
661 ,0 ,0 ,0 ,0 ,0 ,0 ,0 ,0 ,0 ,0 ,10 ,0 ,1.0
662 ,0 ,0 ,0 ,0 ,0 ,0 ,0 ,0 ,0 ,0 ,10 ,0 ,1.0
663 ,3 ,1 ,2 ,4 ,1 ,1 ,1 ,1 ,14 ,28 ,10 ,0 ,1.0
664 ,1 ,1 ,4 ,0 ,1 ,1 ,2 ,1 ,1 ,12 ,9 ,1 ,1.0
665 ,0 ,0 ,0 ,0 ,0 ,0 ,0 ,0 ,0 ,0 ,9 ,0 ,2.0
666 ,0 ,0 ,0 ,0 ,0 ,0 ,0 ,0 ,0 ,0 ,10 ,1 ,1.0
667 ,1 ,2 ,2 ,1 ,2 ,0 ,2 ,1 ,7 ,18 ,10 ,0 ,1.0
668 ,1 ,1 ,5 ,0 ,1 ,4 ,2 ,4 ,8 ,26 ,10 ,0 ,1.0
669 ,0 ,0 ,0 ,0 ,0 ,0 ,0 ,0 ,0 ,0 ,9 ,1 ,0.0
670 ,0 ,0 ,0 ,0 ,0 ,0 ,0 ,0 ,0 ,0 ,10 ,1 ,1.0
671 ,2 ,1 ,17 ,5 ,3 ,1 ,4 ,3 ,36 ,72 ,10 ,0 ,1.0
672 ,2 ,0 ,3 ,1 ,2 ,2 ,1 ,1 ,10 ,22 ,9 ,1 ,0.0
673 ,0 ,0 ,0 ,0 ,0 ,0 ,0 ,0 ,0 ,0 ,9 ,0 ,0.0
674 ,0 ,0 ,0 ,0 ,0 ,0 ,0 ,0 ,0 ,0 ,9 ,0 ,1.0
675 ,0 ,0 ,0 ,0 ,0 ,0 ,0 ,0 ,0 ,0 ,10 ,1 ,1.0
676 ,2 ,4 ,2 ,1 ,0 ,1 ,1 ,3 ,10 ,24 ,10 ,0 ,1.0
677 ,0 ,0 ,0 ,0 ,0 ,0 ,0 ,0 ,0 ,0 ,10 ,0 ,1.0
678 ,1 ,0 ,3 ,2 ,2 ,1 ,2 ,2 ,13 ,26 ,10 ,0 ,1.0
679 ,0 ,0 ,0 ,0 ,0 ,0 ,0 ,0 ,0 ,0 ,10 ,0 ,2.0
680 ,1 ,4 ,0 ,2 ,1 ,3 ,1 ,2 ,6 ,20 ,9 ,1 ,1.0
681 ,0 ,0 ,0 ,0 ,0 ,0 ,0 ,0 ,0 ,0 ,9 ,0 ,1.0
682 ,0 ,0 ,0 ,0 ,0 ,0 ,0 ,0 ,0 ,0 ,10 ,1 ,2.0
683 ,1 ,1 ,2 ,0 ,1 ,3 ,0 ,1 ,1 ,10 ,10 ,0 ,2.0
684 ,0 ,0 ,0 ,0 ,0 ,0 ,0 ,0 ,0 ,0 ,10 ,0 ,3.0
685 ,0 ,2 ,2 ,1 ,2 ,2 ,1 ,1 ,5 ,16 ,10 ,0 ,2.0
686 ,0 ,0 ,0 ,0 ,0 ,0 ,0 ,0 ,0 ,0 ,10 ,0 ,1.0
687 ,0 ,0 ,0 ,0 ,0 ,0 ,0 ,0 ,0 ,0 ,10 ,0 ,1.0
688 ,1 ,1 ,3 ,0 ,3 ,1 ,2 ,1 ,4 ,16 ,10 ,0 ,2.0
689 ,0 ,0 ,0 ,0 ,0 ,0 ,0 ,0 ,0 ,0 ,10 ,0 ,2.0
690 ,0 ,0 ,0 ,0 ,0 ,0 ,0 ,0 ,0 ,0 ,10 ,0 ,2.0
691 ,2 ,5 ,2 ,3 ,0 ,1 ,0 ,2 ,11 ,26 ,11 ,1 ,3.0
692 ,1 ,3 ,6 ,1 ,0 ,0 ,1 ,0 ,12 ,24 ,10 ,1 ,2.0
693 ,0 ,0 ,0 ,0 ,0 ,0 ,0 ,0 ,0 ,0 ,10 ,0 ,2.0
694 ,0 ,0 ,0 ,0 ,0 ,0 ,0 ,0 ,0 ,0 ,10 ,0 ,2.0
695 ,2 ,2 ,1 ,2 ,4 ,2 ,1 ,1 ,5 ,20 ,10 ,0 ,1.0
696 ,0 ,0 ,0 ,0 ,0 ,0 ,0 ,0 ,0 ,0 ,9 ,1 ,2.0
697 ,0 ,0 ,0 ,0 ,0 ,0 ,0 ,0 ,0 ,0 ,8 ,1 ,2.0
698 ,0 ,0 ,0 ,0 ,0 ,0 ,0 ,0 ,0 ,0 ,8 ,0 ,1.0
699 ,0 ,0 ,0 ,0 ,0 ,0 ,0 ,0 ,0 ,0 ,9 ,1 ,1.0
700 ,3 ,3 ,3 ,3 ,2 ,2 ,4 ,1 ,21 ,42 ,9 ,0 ,1.0
701 ,0 ,0 ,0 ,0 ,0 ,0 ,0 ,0 ,0 ,0 ,9 ,0 ,2.0
702 ,1 ,4 ,1 ,2 ,2 ,1 ,2 ,3 ,14 ,30 ,9 ,0 ,2.0
703 ,0 ,0 ,0 ,0 ,0 ,0 ,0 ,0 ,0 ,0 ,8 ,1 ,2.0
704 ,0 ,2 ,4 ,1 ,0 ,2 ,1 ,7 ,17 ,34 ,8 ,0 ,2.0
705 ,0 ,0 ,0 ,0 ,0 ,0 ,0 ,0 ,0 ,0 ,8 ,0 ,2.0
706 ,0 ,0 ,0 ,0 ,0 ,0 ,0 ,0 ,0 ,0 ,9 ,1 ,2.0
707 ,0 ,2 ,7 ,4 ,4 ,2 ,1 ,0 ,20 ,40 ,9 ,0 ,2.0
708 ,0 ,0 ,0 ,0 ,0 ,0 ,0 ,0 ,0 ,0 ,8 ,1 ,2.0
709 ,0 ,0 ,0 ,0 ,0 ,0 ,0 ,0 ,0 ,0 ,8 ,0 ,2.0
710 ,0 ,0 ,0 ,0 ,0 ,0 ,0 ,0 ,0 ,0 ,8 ,0 ,2.0
711 ,0 ,0 ,0 ,0 ,0 ,0 ,0 ,0 ,0 ,0 ,8 ,0 ,2.0
712 ,4 ,5 ,1 ,2 ,1 ,0 ,3 ,3 ,19 ,38 ,8 ,0 ,2.0
713 ,0 ,0 ,0 ,0 ,0 ,0 ,0 ,0 ,0 ,0 ,8 ,0 ,2.0
714 ,3 ,2 ,8 ,2 ,2 ,2 ,1 ,2 ,2 ,24 ,8 ,0 ,0.0
715 ,0 ,0 ,0 ,0 ,0 ,0 ,0 ,0 ,0 ,0 ,9 ,1 ,1.0
716 ,2 ,3 ,1 ,2 ,4 ,0 ,2 ,1 ,15 ,30 ,8 ,1 ,1.0
717 ,0 ,0 ,0 ,0 ,0 ,0 ,0 ,0 ,0 ,0 ,8 ,0 ,1.0
718 ,0 ,0 ,0 ,0 ,0 ,0 ,0 ,0 ,0 ,0 ,8 ,0 ,1.0
719 ,1 ,1 ,7 ,2 ,3 ,0 ,1 ,0 ,1 ,16 ,8 ,0 ,0.0
720 ,0 ,0 ,0 ,0 ,0 ,0 ,0 ,0 ,0 ,0 ,8 ,0 ,1.0
721 ,0 ,0 ,0 ,0 ,0 ,0 ,0 ,0 ,0 ,0 ,8 ,0 ,0.0
722 ,0 ,0 ,0 ,0 ,0 ,0 ,0 ,0 ,0 ,0 ,8 ,0 ,1.0
723 ,0 ,0 ,0 ,0 ,0 ,0 ,0 ,0 ,0 ,0 ,8 ,0 ,0.0
724 ,2 ,2 ,2 ,2 ,3 ,2 ,0 ,6 ,11 ,30 ,8 ,0 ,0.0
725 ,0 ,0 ,0 ,0 ,0 ,0 ,0 ,0 ,0 ,0 ,8 ,0 ,1.0
726 ,0 ,2 ,1 ,1 ,0 ,4 ,2 ,2 ,12 ,24 ,8 ,0 ,1.0
727 ,0 ,0 ,0 ,0 ,0 ,0 ,0 ,0 ,0 ,0 ,7 ,1 ,1.0
728 ,0 ,0 ,0 ,0 ,0 ,0 ,0 ,0 ,0 ,0 ,7 ,0 ,1.0
729 ,0 ,0 ,0 ,0 ,0 ,0 ,0 ,0 ,0 ,0 ,6 ,1 ,1.0
730 ,2 ,5 ,3 ,1 ,2 ,0 ,0 ,0 ,3 ,16 ,7 ,1 ,0.0
731 ,1 ,1 ,7 ,2 ,1 ,1 ,0 ,1 ,0 ,14 ,7 ,0 ,0.0
732 ,0 ,0 ,0 ,0 ,0 ,0 ,0 ,0 ,0 ,0 ,6 ,1 ,1.0
733 ,0 ,0 ,0 ,0 ,0 ,0 ,0 ,0 ,0 ,0 ,6 ,0 ,1.0
734 ,0 ,0 ,0 ,0 ,0 ,0 ,0 ,0 ,0 ,0 ,6 ,0 ,1.0
735 ,0 ,0 ,0 ,0 ,0 ,0 ,0 ,0 ,0 ,0 ,7 ,1 ,1.0
736 ,0 ,0 ,2 ,1 ,1 ,2 ,0 ,1 ,3 ,10 ,7 ,0 ,1.0
737 ,0 ,0 ,0 ,0 ,0 ,0 ,0 ,0 ,0 ,0 ,7 ,0 ,1.0
738 ,1 ,1 ,3 ,3 ,1 ,2 ,1 ,2 ,6 ,20 ,7 ,0 ,1.0
739 ,0 ,0 ,0 ,0 ,0 ,0 ,0 ,0 ,0 ,0 ,7 ,0 ,1.0
740 ,1 ,1 ,4 ,2 ,1 ,1 ,1 ,1 ,0 ,12 ,7 ,0 ,1.0
741 ,0 ,0 ,0 ,0 ,0 ,0 ,0 ,0 ,0 ,0 ,6 ,1 ,2.0
742 ,0 ,0 ,0 ,0 ,0 ,0 ,0 ,0 ,0 ,0 ,7 ,1 ,2.0
743 ,0 ,2 ,3 ,1 ,3 ,1 ,0 ,3 ,7 ,20 ,7 ,0 ,2.0
744 ,0 ,0 ,0 ,0 ,0 ,0 ,0 ,0 ,0 ,0 ,7 ,0 ,2.0
745 ,0 ,0 ,0 ,0 ,0 ,0 ,0 ,0 ,0 ,0 ,7 ,0 ,2.0
746 ,0 ,0 ,0 ,0 ,0 ,0 ,0 ,0 ,0 ,0 ,7 ,0 ,1.0
747 ,0 ,0 ,0 ,0 ,0 ,0 ,0 ,0 ,0 ,0 ,8 ,1 ,1.0
748 ,1 ,1 ,2 ,2 ,2 ,2 ,1 ,0 ,3 ,14 ,8 ,0 ,1.0
749 ,0 ,0 ,0 ,0 ,0 ,0 ,0 ,0 ,0 ,0 ,8 ,0 ,2.0
750 ,1 ,1 ,6 ,3 ,2 ,4 ,1 ,1 ,17 ,36 ,8 ,0 ,1.0
751 ,0 ,0 ,0 ,0 ,0 ,0 ,0 ,0 ,0 ,0 ,8 ,0 ,2.0
752 ,0 ,0 ,0 ,0 ,0 ,0 ,0 ,0 ,0 ,0 ,8 ,0 ,1.0
753 ,0 ,0 ,0 ,0 ,0 ,0 ,0 ,0 ,0 ,0 ,8 ,0 ,0.0
754 ,0 ,0 ,0 ,0 ,0 ,0 ,0 ,0 ,0 ,0 ,8 ,0 ,0.0
755 ,1 ,3 ,3 ,0 ,3 ,0 ,1 ,1 ,6 ,18 ,8 ,0 ,0.0
756 ,0 ,1 ,4 ,2 ,1 ,0 ,1 ,1 ,4 ,14 ,8 ,0 ,1.0
757 ,0 ,0 ,0 ,0 ,0 ,0 ,0 ,0 ,0 ,0 ,8 ,0 ,0.0
758 ,0 ,0 ,0 ,0 ,0 ,0 ,0 ,0 ,0 ,0 ,8 ,0 ,1.0
759 ,0 ,0 ,0 ,0 ,0 ,0 ,0 ,0 ,0 ,0 ,8 ,0 ,1.0
760 ,1 ,1 ,2 ,2 ,2 ,1 ,0 ,3 ,8 ,20 ,8 ,0 ,1.0
761 ,0 ,0 ,0 ,0 ,0 ,0 ,0 ,0 ,0 ,0 ,8 ,0 ,1.0
762 ,2 ,1 ,4 ,2 ,1 ,1 ,1 ,8 ,18 ,38 ,8 ,0 ,1.0
763 ,0 ,0 ,0 ,0 ,0 ,0 ,0 ,0 ,0 ,0 ,8 ,0 ,0.0
764 ,1 ,2 ,0 ,2 ,1 ,1 ,2 ,1 ,8 ,18 ,9 ,1 ,0.0
765 ,0 ,0 ,0 ,0 ,0 ,0 ,0 ,0 ,0 ,0 ,8 ,1 ,1.0
766 ,0 ,0 ,0 ,0 ,0 ,0 ,0 ,0 ,0 ,0 ,9 ,1 ,0.0
767 ,3 ,4 ,5 ,4 ,5 ,3 ,3 ,3 ,30 ,60 ,9 ,0 ,0.0
768 ,0 ,0 ,0 ,0 ,0 ,0 ,0 ,0 ,0 ,0 ,9 ,0 ,0.0
769 ,0 ,0 ,0 ,0 ,0 ,0 ,0 ,0 ,0 ,0 ,9 ,0 ,0.0
770 ,0 ,0 ,0 ,0 ,0 ,0 ,0 ,0 ,0 ,0 ,9 ,0 ,0.0
771 ,0 ,0 ,0 ,0 ,0 ,0 ,0 ,0 ,0 ,0 ,10 ,1 ,1.0
772 ,1 ,5 ,19 ,1 ,1 ,2 ,3 ,0 ,32 ,64 ,10 ,0 ,1.0
773 ,0 ,0 ,0 ,0 ,0 ,0 ,0 ,0 ,0 ,0 ,9 ,1 ,0.0
774 ,3 ,3 ,0 ,2 ,0 ,2 ,3 ,0 ,13 ,26 ,9 ,0 ,0.0
775 ,0 ,0 ,0 ,0 ,0 ,0 ,0 ,0 ,0 ,0 ,9 ,0 ,0.0
776 ,2 ,1 ,3 ,1 ,1 ,2 ,3 ,0 ,9 ,22 ,9 ,0 ,0.0
777 ,0 ,0 ,0 ,0 ,0 ,0 ,0 ,0 ,0 ,0 ,9 ,0 ,2.0
778 ,0 ,0 ,0 ,0 ,0 ,0 ,0 ,0 ,0 ,0 ,9 ,0 ,1.0
779 ,1 ,1 ,6 ,1 ,2 ,1 ,0 ,3 ,1 ,16 ,9 ,0 ,2.0
780 ,0 ,0 ,0 ,0 ,0 ,0 ,0 ,0 ,0 ,0 ,9 ,0 ,1.0
781 ,0 ,0 ,0 ,0 ,0 ,0 ,0 ,0 ,0 ,0 ,9 ,0 ,1.0
782 ,0 ,0 ,0 ,0 ,0 ,0 ,0 ,0 ,0 ,0 ,9 ,0 ,2.0
783 ,0 ,0 ,0 ,0 ,0 ,0 ,0 ,0 ,0 ,0 ,9 ,0 ,2.0
784 ,2 ,1 ,0 ,2 ,3 ,1 ,1 ,2 ,12 ,24 ,9 ,0 ,2.0
785 ,0 ,0 ,0 ,0 ,0 ,0 ,0 ,0 ,0 ,0 ,9 ,0 ,1.0
786 ,0 ,0 ,0 ,0 ,0 ,0 ,0 ,0 ,0 ,0 ,9 ,0 ,2.0
787 ,0 ,0 ,0 ,0 ,0 ,0 ,0 ,0 ,0 ,0 ,9 ,0 ,1.0
788 ,2 ,2 ,6 ,5 ,1 ,1 ,1 ,1 ,19 ,38 ,9 ,0 ,1.0
789 ,1 ,2 ,0 ,3 ,3 ,2 ,0 ,2 ,5 ,18 ,9 ,0 ,2.0
790 ,0 ,0 ,0 ,0 ,0 ,0 ,0 ,0 ,0 ,0 ,9 ,0 ,1.0
791 ,2 ,1 ,2 ,0 ,2 ,2 ,3 ,3 ,15 ,30 ,9 ,0 ,2.0
792 ,0 ,0 ,0 ,0 ,0 ,0 ,0 ,0 ,0 ,0 ,8 ,1 ,1.0
793 ,0 ,0 ,0 ,0 ,0 ,0 ,0 ,0 ,0 ,0 ,8 ,0 ,2.0
794 ,0 ,0 ,0 ,0 ,0 ,0 ,0 ,0 ,0 ,0 ,8 ,0 ,2.0
795 ,0 ,0 ,0 ,0 ,0 ,0 ,0 ,0 ,0 ,0 ,8 ,0 ,1.0
796 ,1 ,3 ,6 ,4 ,4 ,2 ,1 ,1 ,22 ,44 ,8 ,0 ,1.0
797 ,0 ,0 ,0 ,0 ,0 ,0 ,0 ,0 ,0 ,0 ,7 ,1 ,0.0
798 ,0 ,0 ,0 ,0 ,0 ,0 ,0 ,0 ,0 ,0 ,7 ,0 ,0.0
799 ,0 ,0 ,0 ,0 ,0 ,0 ,0 ,0 ,0 ,0 ,7 ,0 ,0.0
800 ,2 ,1 ,4 ,3 ,1 ,2 ,2 ,1 ,4 ,20 ,8 ,1 ,0.0
801 ,0 ,0 ,0 ,0 ,0 ,0 ,0 ,0 ,0 ,0 ,7 ,1 ,1.0
802 ,0 ,0 ,0 ,0 ,0 ,0 ,0 ,0 ,0 ,0 ,8 ,1 ,0.0
803 ,2 ,2 ,4 ,1 ,1 ,1 ,1 ,1 ,7 ,20 ,8 ,0 ,0.0
804 ,0 ,0 ,0 ,0 ,0 ,0 ,0 ,0 ,0 ,0 ,8 ,0 ,0.0
805 ,0 ,0 ,0 ,0 ,0 ,0 ,0 ,0 ,0 ,0 ,8 ,0 ,0.0
806 ,0 ,0 ,0 ,0 ,0 ,0 ,0 ,0 ,0 ,0 ,8 ,0 ,0.0
807 ,0 ,0 ,0 ,0 ,0 ,0 ,0 ,0 ,0 ,0 ,9 ,1 ,1.0
808 ,2 ,2 ,1 ,2 ,2 ,3 ,3 ,4 ,17 ,36 ,9 ,0 ,1.0
809 ,0 ,0 ,0 ,0 ,0 ,0 ,0 ,0 ,0 ,0 ,9 ,0 ,0.0
810 ,0 ,0 ,0 ,0 ,0 ,0 ,0 ,0 ,0 ,0 ,9 ,0 ,0.0
811 ,0 ,0 ,0 ,0 ,0 ,0 ,0 ,0 ,0 ,0 ,9 ,0 ,1.0
812 ,2 ,1 ,5 ,3 ,3 ,2 ,3 ,3 ,10 ,32 ,9 ,0 ,0.0
813 ,0 ,0 ,0 ,0 ,0 ,0 ,0 ,0 ,0 ,0 ,8 ,1 ,0.0
814 ,0 ,0 ,0 ,0 ,0 ,0 ,0 ,0 ,0 ,0 ,8 ,0 ,0.0
815 ,0 ,3 ,5 ,1 ,2 ,1 ,1 ,3 ,14 ,30 ,8 ,0 ,1.0
816 ,0 ,0 ,0 ,0 ,0 ,0 ,0 ,0 ,0 ,0 ,8 ,0 ,1.0
817 ,0 ,0 ,0 ,0 ,0 ,0 ,0 ,0 ,0 ,0 ,8 ,0 ,0.0
818 ,0 ,0 ,0 ,0 ,0 ,0 ,0 ,0 ,0 ,0 ,8 ,0 ,0.0
819 ,0 ,0 ,0 ,0 ,0 ,0 ,0 ,0 ,0 ,0 ,8 ,0 ,1.0
820 ,0 ,3 ,1 ,2 ,0 ,1 ,2 ,0 ,9 ,18 ,8 ,0 ,1.0
821 ,0 ,0 ,0 ,0 ,0 ,0 ,0 ,0 ,0 ,0 ,7 ,1 ,1.0
822 ,0 ,0 ,0 ,0 ,0 ,0 ,0 ,0 ,0 ,0 ,7 ,0 ,1.0
823 ,0 ,0 ,0 ,0 ,0 ,0 ,0 ,0 ,0 ,0 ,8 ,1 ,1.0
824 ,1 ,1 ,1 ,0 ,0 ,1 ,1 ,2 ,1 ,8 ,8 ,0 ,1.0
825 ,2 ,4 ,5 ,4 ,4 ,4 ,3 ,2 ,28 ,56 ,8 ,0 ,1.0
826 ,0 ,0 ,0 ,0 ,0 ,0 ,0 ,0 ,0 ,0 ,8 ,0 ,1.0
827 ,1 ,1 ,3 ,2 ,1 ,1 ,1 ,3 ,7 ,20 ,9 ,1 ,1.0
828 ,2 ,0 ,1 ,2 ,2 ,2 ,3 ,1 ,9 ,22 ,8 ,1 ,1.0
829 ,0 ,0 ,0 ,0 ,0 ,0 ,0 ,0 ,0 ,0 ,8 ,0 ,1.0
830 ,0 ,0 ,0 ,0 ,0 ,0 ,0 ,0 ,0 ,0 ,8 ,0 ,1.0
831 ,0 ,0 ,0 ,0 ,0 ,0 ,0 ,0 ,0 ,0 ,8 ,0 ,1.0
832 ,3 ,6 ,13 ,3 ,1 ,1 ,1 ,4 ,30 ,62 ,8 ,0 ,1.0
833 ,0 ,0 ,0 ,0 ,0 ,0 ,0 ,0 ,0 ,0 ,8 ,0 ,1.0
834 ,0 ,0 ,0 ,0 ,0 ,0 ,0 ,0 ,0 ,0 ,8 ,0 ,1.0
835 ,0 ,0 ,0 ,0 ,0 ,0 ,0 ,0 ,0 ,0 ,8 ,0 ,1.0
836 ,3 ,2 ,4 ,2 ,0 ,1 ,0 ,1 ,1 ,14 ,9 ,1 ,2.0
837 ,0 ,0 ,0 ,0 ,0 ,0 ,0 ,0 ,0 ,0 ,8 ,1 ,2.0
838 ,0 ,0 ,0 ,0 ,0 ,0 ,0 ,0 ,0 ,0 ,8 ,0 ,1.0
839 ,4 ,1 ,3 ,2 ,1 ,0 ,1 ,3 ,1 ,16 ,9 ,1 ,2.0
840 ,0 ,0 ,0 ,0 ,0 ,0 ,0 ,0 ,0 ,0 ,8 ,1 ,2.0
841 ,1 ,3 ,1 ,0 ,1 ,3 ,1 ,0 ,2 ,12 ,8 ,0 ,2.0
842 ,0 ,0 ,0 ,0 ,0 ,0 ,0 ,0 ,0 ,0 ,8 ,0 ,1.0
843 ,0 ,0 ,0 ,0 ,0 ,0 ,0 ,0 ,0 ,0 ,9 ,1 ,1.0
844 ,0 ,0 ,3 ,2 ,0 ,1 ,1 ,0 ,3 ,10 ,9 ,0 ,1.0
845 ,0 ,0 ,0 ,0 ,0 ,0 ,0 ,0 ,0 ,0 ,8 ,1 ,0.0
846 ,0 ,0 ,0 ,0 ,0 ,0 ,0 ,0 ,0 ,0 ,8 ,0 ,0.0
847 ,0 ,0 ,0 ,0 ,0 ,0 ,0 ,0 ,0 ,0 ,8 ,0 ,1.0
848 ,2 ,4 ,4 ,3 ,4 ,3 ,1 ,1 ,22 ,44 ,8 ,0 ,1.0
849 ,2 ,4 ,0 ,1 ,0 ,1 ,0 ,0 ,8 ,16 ,8 ,0 ,1.0
850 ,0 ,0 ,0 ,0 ,0 ,0 ,0 ,0 ,0 ,0 ,8 ,0 ,0.0
851 ,2 ,2 ,3 ,2 ,0 ,1 ,0 ,1 ,9 ,20 ,9 ,1 ,1.0
852 ,1 ,2 ,0 ,2 ,1 ,2 ,3 ,0 ,5 ,16 ,8 ,1 ,0.0
853 ,0 ,0 ,0 ,0 ,0 ,0 ,0 ,0 ,0 ,0 ,8 ,0 ,0.0
854 ,0 ,0 ,0 ,0 ,0 ,0 ,0 ,0 ,0 ,0 ,8 ,0 ,0.0
855 ,0 ,0 ,0 ,0 ,0 ,0 ,0 ,0 ,0 ,0 ,8 ,0 ,0.0
856 ,1 ,2 ,5 ,0 ,0 ,1 ,0 ,0 ,7 ,16 ,8 ,0 ,0.0
857 ,0 ,0 ,0 ,0 ,0 ,0 ,0 ,0 ,0 ,0 ,7 ,1 ,0.0
858 ,0 ,0 ,0 ,0 ,0 ,0 ,0 ,0 ,0 ,0 ,7 ,0 ,2.0
859 ,0 ,0 ,0 ,0 ,0 ,0 ,0 ,0 ,0 ,0 ,8 ,1 ,1.0
860 ,1 ,0 ,3 ,1 ,1 ,2 ,2 ,2 ,2 ,14 ,8 ,0 ,1.0
861 ,2 ,3 ,4 ,0 ,5 ,3 ,2 ,3 ,22 ,44 ,7 ,1 ,1.0
862 ,0 ,0 ,0 ,0 ,0 ,0 ,0 ,0 ,0 ,0 ,8 ,1 ,0.0
863 ,0 ,0 ,2 ,1 ,0 ,0 ,1 ,1 ,3 ,8 ,8 ,0 ,1.0
864 ,1 ,0 ,1 ,4 ,2 ,3 ,1 ,1 ,9 ,22 ,9 ,1 ,1.0
865 ,0 ,0 ,0 ,0 ,0 ,0 ,0 ,0 ,0 ,0 ,9 ,0 ,1.0
866 ,0 ,0 ,0 ,0 ,0 ,0 ,0 ,0 ,0 ,0 ,8 ,1 ,2.0
867 ,0 ,0 ,0 ,0 ,0 ,0 ,0 ,0 ,0 ,0 ,9 ,1 ,2.0
868 ,1 ,1 ,1 ,0 ,1 ,2 ,2 ,0 ,6 ,14 ,9 ,0 ,2.0
869 ,0 ,0 ,0 ,0 ,0 ,0 ,0 ,0 ,0 ,0 ,8 ,1 ,3.0
870 ,0 ,0 ,0 ,0 ,0 ,0 ,0 ,0 ,0 ,0 ,8 ,0 ,4.0
871 ,0 ,0 ,0 ,0 ,0 ,0 ,0 ,0 ,0 ,0 ,9 ,1 ,4.0
872 ,1 ,0 ,1 ,1 ,1 ,0 ,1 ,0 ,3 ,8 ,9 ,0 ,4.0
873 ,0 ,0 ,0 ,0 ,0 ,0 ,0 ,0 ,0 ,0 ,8 ,1 ,3.0
874 ,0 ,0 ,0 ,0 ,0 ,0 ,0 ,0 ,0 ,0 ,8 ,0 ,3.0
875 ,3 ,3 ,11 ,6 ,4 ,2 ,2 ,1 ,30 ,62 ,8 ,0 ,3.0
876 ,1 ,1 ,2 ,0 ,2 ,1 ,2 ,2 ,5 ,16 ,8 ,0 ,3.0
877 ,0 ,0 ,0 ,0 ,0 ,0 ,0 ,0 ,0 ,0 ,8 ,0 ,2.0
878 ,0 ,0 ,0 ,0 ,0 ,0 ,0 ,0 ,0 ,0 ,8 ,0 ,3.0
879 ,0 ,0 ,0 ,0 ,0 ,0 ,0 ,0 ,0 ,0 ,8 ,0 ,3.0
880 ,2 ,1 ,2 ,3 ,0 ,3 ,3 ,1 ,3 ,18 ,8 ,0 ,3.0
881 ,0 ,0 ,0 ,0 ,0 ,0 ,0 ,0 ,0 ,0 ,8 ,0 ,3.0
882 ,0 ,0 ,0 ,0 ,0 ,0 ,0 ,0 ,0 ,0 ,8 ,0 ,7.0
883 ,0 ,0 ,0 ,0 ,0 ,0 ,0 ,0 ,0 ,0 ,8 ,0 ,7.0
884 ,3 ,2 ,2 ,2 ,2 ,1 ,2 ,2 ,16 ,32 ,8 ,0 ,7.0
885 ,0 ,0 ,0 ,0 ,0 ,0 ,0 ,0 ,0 ,0 ,8 ,0 ,7.0
886 ,0 ,0 ,0 ,0 ,0 ,0 ,0 ,0 ,0 ,0 ,7 ,1 ,6.0
887 ,3 ,2 ,3 ,3 ,1 ,2 ,3 ,5 ,22 ,44 ,7 ,0 ,7.0
888 ,0 ,0 ,0 ,0 ,0 ,0 ,0 ,0 ,0 ,0 ,8 ,1 ,7.0
889 ,3 ,4 ,0 ,4 ,2 ,3 ,1 ,1 ,18 ,36 ,7 ,1 ,6.0
890 ,0 ,0 ,0 ,0 ,0 ,0 ,0 ,0 ,0 ,0 ,7 ,0 ,7.0
891 ,0 ,0 ,0 ,0 ,0 ,0 ,0 ,0 ,0 ,0 ,7 ,0 ,7.0
892 ,0 ,1 ,2 ,0 ,1 ,1 ,0 ,1 ,4 ,10 ,7 ,0 ,7.0
893 ,0 ,0 ,0 ,0 ,0 ,0 ,0 ,0 ,0 ,0 ,7 ,0 ,7.0
894 ,0 ,0 ,0 ,0 ,0 ,0 ,0 ,0 ,0 ,0 ,7 ,0 ,8.0
895 ,0 ,0 ,0 ,0 ,0 ,0 ,0 ,0 ,0 ,0 ,8 ,1 ,8.0
896 ,3 ,4 ,5 ,1 ,2 ,1 ,2 ,3 ,11 ,32 ,8 ,0 ,7.0
897 ,0 ,0 ,0 ,0 ,0 ,0 ,0 ,0 ,0 ,0 ,8 ,0 ,7.0
898 ,0 ,0 ,0 ,0 ,0 ,0 ,0 ,0 ,0 ,0 ,8 ,0 ,8.0
899 ,1 ,0 ,4 ,3 ,3 ,1 ,3 ,2 ,15 ,32 ,8 ,0 ,8.0
900 ,0 ,0 ,0 ,0 ,0 ,0 ,0 ,0 ,0 ,0 ,8 ,0 ,7.0
901 ,1 ,0 ,2 ,1 ,0 ,1 ,1 ,2 ,2 ,10 ,8 ,0 ,6.0
902 ,0 ,0 ,0 ,0 ,0 ,0 ,0 ,0 ,0 ,0 ,8 ,0 ,8.0
903 ,0 ,0 ,0 ,0 ,0 ,0 ,0 ,0 ,0 ,0 ,8 ,0 ,7.0
904 ,3 ,1 ,3 ,3 ,1 ,1 ,2 ,1 ,15 ,30 ,8 ,0 ,7.0
905 ,0 ,0 ,0 ,0 ,0 ,0 ,0 ,0 ,0 ,0 ,8 ,0 ,8.0
906 ,0 ,0 ,0 ,0 ,0 ,0 ,0 ,0 ,0 ,0 ,8 ,0 ,9.0
907 ,0 ,0 ,0 ,0 ,0 ,0 ,0 ,0 ,0 ,0 ,9 ,1 ,8.0
908 ,0 ,0 ,2 ,0 ,1 ,1 ,3 ,2 ,5 ,14 ,11 ,2 ,7.0
909 ,0 ,0 ,0 ,0 ,0 ,0 ,0 ,0 ,0 ,0 ,10 ,1 ,6.0
910 ,0 ,0 ,0 ,0 ,0 ,0 ,0 ,0 ,0 ,0 ,10 ,0 ,6.0
911 ,0 ,0 ,0 ,0 ,0 ,0 ,0 ,0 ,0 ,0 ,10 ,0 ,7.0
912 ,0 ,0 ,0 ,0 ,0 ,0 ,0 ,0 ,0 ,0 ,9 ,1 ,6.0
913 ,1 ,1 ,7 ,1 ,0 ,1 ,2 ,1 ,6 ,20 ,9 ,0 ,6.0
914 ,0 ,0 ,0 ,0 ,0 ,0 ,0 ,0 ,0 ,0 ,9 ,0 ,6.0
915 ,0 ,0 ,0 ,0 ,0 ,0 ,0 ,0 ,0 ,0 ,9 ,0 ,5.0
916 ,1 ,1 ,4 ,1 ,0 ,1 ,1 ,0 ,3 ,12 ,10 ,1 ,6.0
917 ,0 ,0 ,0 ,0 ,0 ,0 ,0 ,0 ,0 ,0 ,10 ,0 ,5.0
918 ,0 ,0 ,0 ,0 ,0 ,0 ,0 ,0 ,0 ,0 ,10 ,0 ,5.0
919 ,0 ,0 ,0 ,0 ,0 ,0 ,0 ,0 ,0 ,0 ,11 ,1 ,5.0
920 ,1 ,5 ,0 ,7 ,2 ,1 ,2 ,6 ,24 ,48 ,12 ,1 ,4.0
921 ,2 ,1 ,4 ,0 ,0 ,1 ,1 ,1 ,8 ,18 ,11 ,1 ,3.0
922 ,0 ,0 ,0 ,0 ,0 ,0 ,0 ,0 ,0 ,0 ,11 ,0 ,4.0
923 ,0 ,0 ,0 ,0 ,0 ,0 ,0 ,0 ,0 ,0 ,11 ,0 ,5.0
924 ,0 ,0 ,0 ,0 ,0 ,0 ,0 ,0 ,0 ,0 ,11 ,0 ,5.0
925 ,3 ,6 ,5 ,4 ,3 ,2 ,3 ,0 ,26 ,52 ,11 ,0 ,5.0
926 ,0 ,0 ,0 ,0 ,0 ,0 ,0 ,0 ,0 ,0 ,11 ,0 ,6.0
927 ,0 ,0 ,0 ,0 ,0 ,0 ,0 ,0 ,0 ,0 ,11 ,0 ,6.0
928 ,0 ,2 ,2 ,0 ,1 ,2 ,1 ,1 ,1 ,10 ,11 ,0 ,6.0
929 ,0 ,0 ,0 ,0 ,0 ,0 ,0 ,0 ,0 ,0 ,11 ,0 ,6.0
930 ,0 ,0 ,0 ,0 ,0 ,0 ,0 ,0 ,0 ,0 ,11 ,0 ,6.0
931 ,0 ,0 ,0 ,0 ,0 ,0 ,0 ,0 ,0 ,0 ,11 ,0 ,5.0
932 ,3 ,6 ,9 ,8 ,5 ,4 ,2 ,1 ,38 ,76 ,15 ,4 ,2.0
933 ,2 ,5 ,20 ,8 ,3 ,1 ,1 ,2 ,42 ,84 ,15 ,0 ,2.0
934 ,0 ,0 ,0 ,0 ,0 ,0 ,0 ,0 ,0 ,0 ,15 ,0 ,2.0
935 ,0 ,0 ,0 ,0 ,0 ,0 ,0 ,0 ,0 ,0 ,15 ,0 ,2.0
936 ,0 ,0 ,0 ,0 ,0 ,0 ,0 ,0 ,0 ,0 ,15 ,0 ,3.0
937 ,1 ,1 ,0 ,0 ,0 ,0 ,1 ,4 ,5 ,12 ,15 ,0 ,3.0
938 ,0 ,0 ,0 ,0 ,0 ,0 ,0 ,0 ,0 ,0 ,15 ,0 ,2.0
939 ,0 ,0 ,0 ,0 ,0 ,0 ,0 ,0 ,0 ,0 ,15 ,0 ,3.0
940 ,2 ,4 ,11 ,0 ,0 ,2 ,1 ,2 ,10 ,32 ,15 ,0 ,3.0
941 ,1 ,1 ,10 ,4 ,1 ,1 ,1 ,1 ,14 ,34 ,15 ,0 ,3.0
942 ,0 ,0 ,0 ,0 ,0 ,0 ,0 ,0 ,0 ,0 ,15 ,0 ,3.0
943 ,0 ,0 ,0 ,0 ,0 ,0 ,0 ,0 ,0 ,0 ,16 ,1 ,2.0
944 ,3 ,2 ,3 ,2 ,3 ,0 ,2 ,6 ,21 ,42 ,17 ,1 ,2.0
945 ,1 ,6 ,15 ,1 ,2 ,4 ,2 ,2 ,17 ,50 ,16 ,1 ,1.0
946 ,0 ,0 ,0 ,0 ,0 ,0 ,0 ,0 ,0 ,0 ,15 ,1 ,1.0
947 ,0 ,0 ,0 ,0 ,0 ,0 ,0 ,0 ,0 ,0 ,15 ,0 ,1.0
948 ,0 ,0 ,0 ,0 ,0 ,0 ,0 ,0 ,0 ,0 ,16 ,1 ,1.0
949 ,2 ,1 ,1 ,2 ,0 ,0 ,0 ,3 ,9 ,18 ,16 ,0 ,1.0
950 ,0 ,0 ,0 ,0 ,0 ,0 ,0 ,0 ,0 ,0 ,15 ,1 ,2.0
951 ,0 ,0 ,0 ,0 ,0 ,0 ,0 ,0 ,0 ,0 ,15 ,0 ,2.0
952 ,1 ,2 ,3 ,1 ,1 ,1 ,3 ,2 ,14 ,28 ,16 ,1 ,2.0
953 ,1 ,5 ,1 ,2 ,1 ,2 ,1 ,1 ,2 ,16 ,15 ,1 ,3.0
954 ,0 ,0 ,0 ,0 ,0 ,0 ,0 ,0 ,0 ,0 ,15 ,0 ,3.0
955 ,0 ,0 ,0 ,0 ,0 ,0 ,0 ,0 ,0 ,0 ,16 ,1 ,3.0
956 ,0 ,3 ,7 ,3 ,0 ,0 ,1 ,1 ,13 ,28 ,17 ,1 ,2.0
957 ,6 ,15 ,36 ,16 ,7 ,2 ,2 ,4 ,88 ,176 ,15 ,2 ,1.0
958 ,0 ,0 ,0 ,0 ,0 ,0 ,0 ,0 ,0 ,0 ,14 ,1 ,1.0
959 ,0 ,0 ,0 ,0 ,0 ,0 ,0 ,0 ,0 ,0 ,14 ,0 ,2.0
960 ,0 ,0 ,0 ,0 ,0 ,0 ,0 ,0 ,0 ,0 ,14 ,0 ,1.0
961 ,0 ,4 ,3 ,3 ,1 ,1 ,2 ,4 ,4 ,22 ,14 ,0 ,1.0
962 ,0 ,0 ,0 ,0 ,0 ,0 ,0 ,0 ,0 ,0 ,14 ,0 ,11.0
963 ,0 ,0 ,0 ,0 ,0 ,0 ,0 ,0 ,0 ,0 ,14 ,0 ,16.0
964 ,0 ,3 ,5 ,0 ,1 ,0 ,0 ,0 ,7 ,16 ,15 ,1 ,16.0
965 ,1 ,1 ,1 ,0 ,2 ,3 ,2 ,1 ,9 ,20 ,14 ,1 ,19.0
966 ,0 ,0 ,0 ,0 ,0 ,0 ,0 ,0 ,0 ,0 ,14 ,0 ,18.0
967 ,0 ,0 ,0 ,0 ,0 ,0 ,0 ,0 ,0 ,0 ,14 ,0 ,17.0
968 ,3 ,1 ,14 ,3 ,1 ,3 ,4 ,1 ,28 ,58 ,14 ,0 ,17.0
969 ,1 ,5 ,1 ,1 ,1 ,2 ,0 ,0 ,9 ,20 ,13 ,1 ,16.0
970 ,0 ,0 ,0 ,0 ,0 ,0 ,0 ,0 ,0 ,0 ,12 ,1 ,20.0
971 ,0 ,0 ,0 ,0 ,0 ,0 ,0 ,0 ,0 ,0 ,12 ,0 ,21.0
972 ,0 ,0 ,0 ,0 ,0 ,0 ,0 ,0 ,0 ,0 ,13 ,1 ,20.0
973 ,1 ,2 ,3 ,2 ,0 ,1 ,2 ,6 ,7 ,24 ,13 ,0 ,20.0
974 ,0 ,0 ,0 ,0 ,0 ,0 ,0 ,0 ,0 ,0 ,13 ,0 ,27.0
975 ,0 ,0 ,0 ,0 ,0 ,0 ,0 ,0 ,0 ,0 ,13 ,0 ,27.0
976 ,1 ,1 ,4 ,2 ,1 ,1 ,0 ,3 ,3 ,16 ,14 ,1 ,25.0
977 ,1 ,1 ,3 ,2 ,2 ,3 ,2 ,2 ,2 ,18 ,14 ,0 ,26.0
978 ,0 ,0 ,0 ,0 ,0 ,0 ,0 ,0 ,0 ,0 ,14 ,0 ,26.0
979 ,0 ,0 ,0 ,0 ,0 ,0 ,0 ,0 ,0 ,0 ,14 ,0 ,26.0
980 ,2 ,3 ,3 ,1 ,0 ,2 ,2 ,2 ,7 ,22 ,14 ,0 ,26.0
981 ,1 ,3 ,8 ,3 ,2 ,1 ,2 ,4 ,24 ,48 ,13 ,1 ,26.0
982 ,0 ,0 ,0 ,0 ,0 ,0 ,0 ,0 ,0 ,0 ,10 ,3 ,25.0
983 ,0 ,0 ,0 ,0 ,0 ,0 ,0 ,0 ,0 ,0 ,10 ,0 ,25.0
984 ,0 ,0 ,0 ,0 ,0 ,0 ,0 ,0 ,0 ,0 ,10 ,0 ,25.0
985 ,2 ,5 ,1 ,5 ,2 ,0 ,1 ,0 ,14 ,30 ,10 ,0 ,25.0
986 ,0 ,0 ,0 ,0 ,0 ,0 ,0 ,0 ,0 ,0 ,10 ,0 ,25.0
987 ,0 ,0 ,0 ,0 ,0 ,0 ,0 ,0 ,0 ,0 ,10 ,0 ,25.0
988 ,1 ,0 ,4 ,1 ,3 ,2 ,1 ,1 ,3 ,16 ,10 ,0 ,27.0
989 ,1 ,3 ,9 ,2 ,0 ,1 ,1 ,0 ,15 ,32 ,10 ,0 ,27.0
990 ,0 ,0 ,0 ,0 ,0 ,0 ,0 ,0 ,0 ,0 ,10 ,0 ,27.0
991 ,0 ,0 ,0 ,0 ,0 ,0 ,0 ,0 ,0 ,0 ,10 ,0 ,26.0
992 ,2 ,3 ,6 ,3 ,2 ,2 ,0 ,6 ,8 ,32 ,10 ,0 ,26.0
993 ,0 ,0 ,0 ,0 ,0 ,0 ,0 ,0 ,0 ,0 ,9 ,1 ,25.0
994 ,0 ,0 ,0 ,0 ,0 ,0 ,0 ,0 ,0 ,0 ,9 ,0 ,26.0
995 ,0 ,0 ,0 ,0 ,0 ,0 ,0 ,0 ,0 ,0 ,9 ,0 ,27.0
996 ,0 ,0 ,0 ,0 ,0 ,0 ,0 ,0 ,0 ,0 ,9 ,0 ,28.0
997 ,1 ,2 ,13 ,2 ,2 ,0 ,1 ,1 ,18 ,40 ,9 ,0 ,27.0
998 ,0 ,0 ,0 ,0 ,0 ,0 ,0 ,0 ,0 ,0 ,9 ,0 ,29.0
999 ,0 ,0 ,0 ,0 ,0 ,0 ,0 ,0 ,0 ,0 ,9 ,0 ,33.0
1000 ,0 ,0 ,0 ,0 ,0 ,0 ,0 ,0 ,0 ,0 ,10 ,1 ,33.0
1001 ,4 ,7 ,13 ,6 ,4 ,3 ,0 ,2 ,39 ,78 ,10 ,0 ,32.0
1002 ,1 ,0 ,1 ,2 ,0 ,0 ,1 ,0 ,3 ,8 ,10 ,0 ,31.0
1003 ,0 ,0 ,0 ,0 ,0 ,0 ,0 ,0 ,0 ,0 ,11 ,1 ,33.0
1004 ,1 ,0 ,1 ,1 ,0 ,3 ,1 ,0 ,5 ,12 ,11 ,0 ,34.0
1005 ,0 ,0 ,0 ,0 ,0 ,0 ,0 ,0 ,0 ,0 ,11 ,0 ,33.0
1006 ,0 ,0 ,0 ,0 ,0 ,0 ,0 ,0 ,0 ,0 ,10 ,1 ,33.0
1007 ,0 ,0 ,0 ,0 ,0 ,0 ,0 ,0 ,0 ,0 ,10 ,0 ,35.0
1008 ,0 ,0 ,0 ,0 ,0 ,0 ,0 ,0 ,0 ,0 ,12 ,2 ,35.0
1009 ,3 ,2 ,2 ,3 ,1 ,0 ,1 ,1 ,13 ,26 ,12 ,0 ,35.0
1010 ,0 ,0 ,0 ,0 ,0 ,0 ,0 ,0 ,0 ,0 ,11 ,1 ,36.0
1011 ,0 ,0 ,0 ,0 ,0 ,0 ,0 ,0 ,0 ,0 ,11 ,0 ,38.0
1012 ,0 ,0 ,0 ,0 ,0 ,0 ,0 ,0 ,0 ,0 ,20 ,9 ,28.0
1013 ,1 ,0 ,2 ,4 ,0 ,1 ,2 ,2 ,0 ,12 ,25 ,5 ,29.0
1014 ,2 ,1 ,3 ,2 ,0 ,3 ,0 ,1 ,0 ,12 ,25 ,0 ,29.0
1015 ,0 ,0 ,0 ,0 ,0 ,0 ,0 ,0 ,0 ,0 ,28 ,3 ,27.0
1016 ,2 ,4 ,1 ,1 ,2 ,3 ,2 ,1 ,14 ,30 ,28 ,0 ,27.0
1017 ,0 ,0 ,0 ,0 ,0 ,0 ,0 ,0 ,0 ,0 ,27 ,1 ,27.0
1018 ,0 ,0 ,0 ,0 ,0 ,0 ,0 ,0 ,0 ,0 ,27 ,0 ,28.0
1019 ,0 ,0 ,0 ,0 ,0 ,0 ,0 ,0 ,0 ,0 ,27 ,0 ,30.0
1020 ,0 ,0 ,0 ,0 ,0 ,0 ,0 ,0 ,0 ,0 ,32 ,5 ,26.0
1021 ,0 ,0 ,0 ,0 ,0 ,0 ,0 ,0 ,0 ,0 ,32 ,0 ,26.0
1022 ,2 ,3 ,2 ,1 ,0 ,2 ,2 ,0 ,2 ,14 ,31 ,1 ,25.0
1023 ,0 ,2 ,4 ,3 ,2 ,1 ,2 ,3 ,17 ,34 ,31 ,0 ,27.0
1024 ,0 ,0 ,0 ,0 ,0 ,0 ,0 ,0 ,0 ,0 ,38 ,7 ,21.0
1025 ,2 ,3 ,6 ,1 ,0 ,0 ,5 ,3 ,2 ,22 ,38 ,0 ,22.0
1026 ,1 ,3 ,3 ,3 ,0 ,1 ,15 ,7 ,27 ,60 ,36 ,2 ,22.0
1027 ,0 ,0 ,0 ,0 ,0 ,0 ,0 ,0 ,0 ,0 ,37 ,1 ,21.0
1028 ,2 ,6 ,4 ,2 ,1 ,3 ,19 ,12 ,21 ,70 ,37 ,0 ,21.0
1029 ,0 ,0 ,0 ,0 ,0 ,0 ,0 ,0 ,0 ,0 ,37 ,0 ,21.0
1030 ,0 ,0 ,0 ,0 ,0 ,0 ,0 ,0 ,0 ,0 ,37 ,0 ,22.0
1031 ,0 ,0 ,0 ,0 ,0 ,0 ,0 ,0 ,0 ,0 ,37 ,0 ,23.0
1032 ,0 ,0 ,0 ,0 ,0 ,0 ,0 ,0 ,0 ,0 ,40 ,3 ,22.0
1033 ,4 ,3 ,4 ,2 ,2 ,5 ,28 ,19 ,11 ,78 ,40 ,0 ,22.0
1034 ,0 ,0 ,0 ,0 ,0 ,0 ,0 ,0 ,0 ,0 ,40 ,0 ,24.0
1035 ,0 ,0 ,0 ,0 ,0 ,0 ,0 ,0 ,0 ,0 ,40 ,0 ,25.0
1036 ,0 ,0 ,0 ,0 ,0 ,0 ,0 ,0 ,0 ,0 ,40 ,0 ,25.0
1037 ,19 ,11 ,4 ,2 ,6 ,18 ,85 ,91 ,236 ,472 ,40 ,0 ,26.0
1038 ,11 ,9 ,5 ,5 ,5 ,10 ,28 ,59 ,132 ,264 ,42 ,2 ,25.0
1039 ,0 ,0 ,0 ,0 ,0 ,0 ,0 ,0 ,0 ,0 ,42 ,0 ,25.0
1040 ,1 ,0 ,4 ,4 ,6 ,12 ,76 ,9 ,40 ,152 ,42 ,0 ,25.0
1041 ,0 ,0 ,0 ,0 ,0 ,0 ,0 ,0 ,0 ,0 ,41 ,1 ,25.0
1042 ,0 ,0 ,0 ,0 ,0 ,0 ,0 ,0 ,0 ,0 ,41 ,0 ,25.0
1043 ,0 ,0 ,0 ,0 ,0 ,0 ,0 ,0 ,0 ,0 ,41 ,0 ,26.0
1044 ,0 ,0 ,0 ,0 ,0 ,0 ,0 ,0 ,0 ,0 ,43 ,2 ,25.0
1045 ,7 ,3 ,10 ,1 ,3 ,6 ,38 ,63 ,123 ,254 ,43 ,0 ,25.0
1046 ,0 ,0 ,0 ,0 ,0 ,0 ,0 ,0 ,0 ,0 ,43 ,0 ,26.0
1047 ,0 ,0 ,0 ,0 ,0 ,0 ,0 ,0 ,0 ,0 ,42 ,1 ,26.0
1048 ,0 ,0 ,0 ,0 ,0 ,0 ,0 ,0 ,0 ,0 ,45 ,3 ,23.0
1049 ,8 ,6 ,0 ,0 ,5 ,14 ,51 ,76 ,148 ,308 ,49 ,4 ,21.0
1050 ,0 ,0 ,0 ,0 ,0 ,0 ,0 ,0 ,0 ,0 ,48 ,1 ,20.0
1051 ,0 ,0 ,0 ,0 ,0 ,0 ,0 ,0 ,0 ,0 ,47 ,1 ,23.0
1052 ,1 ,6 ,7 ,6 ,6 ,2 ,25 ,5 ,8 ,66 ,47 ,0 ,23.0
1053 ,0 ,0 ,0 ,0 ,0 ,0 ,0 ,0 ,0 ,0 ,48 ,1 ,19.0
1054 ,0 ,0 ,0 ,0 ,0 ,0 ,0 ,0 ,0 ,0 ,49 ,1 ,19.0
1055 ,0 ,0 ,0 ,0 ,0 ,0 ,0 ,0 ,0 ,0 ,49 ,0 ,19.0
1056 ,0 ,0 ,0 ,0 ,0 ,0 ,0 ,0 ,0 ,0 ,50 ,1 ,19.0
1057 ,4 ,8 ,2 ,3 ,2 ,3 ,48 ,34 ,66 ,170 ,50 ,0 ,19.0
1058 ,0 ,0 ,0 ,0 ,0 ,0 ,0 ,0 ,0 ,0 ,49 ,1 ,19.0
1059 ,0 ,0 ,0 ,0 ,0 ,0 ,0 ,0 ,0 ,0 ,49 ,0 ,20.0
1060 ,0 ,0 ,0 ,0 ,0 ,0 ,0 ,0 ,0 ,0 ,50 ,1 ,20.0
1061 ,0 ,0 ,0 ,0 ,0 ,0 ,0 ,0 ,0 ,0 ,52 ,2 ,19.0
1062 ,0 ,0 ,0 ,0 ,0 ,0 ,0 ,0 ,0 ,0 ,42 ,10 ,10.0
1063 ,3 ,2 ,3 ,4 ,0 ,1 ,21 ,44 ,20 ,98 ,43 ,1 ,0.0
1064 ,0 ,9 ,4 ,1 ,2 ,3 ,1 ,1 ,9 ,30 ,44 ,1 ,2.0
1065 ,0 ,0 ,0 ,0 ,0 ,0 ,0 ,0 ,0 ,0 ,41 ,3 ,5.0
1066 ,0 ,0 ,0 ,0 ,0 ,0 ,0 ,0 ,0 ,0 ,41 ,0 ,5.0
1067 ,0 ,0 ,0 ,0 ,0 ,0 ,0 ,0 ,0 ,0 ,41 ,0 ,4.0
1068 ,0 ,0 ,0 ,0 ,0 ,0 ,0 ,0 ,0 ,0 ,42 ,1 ,4.0
1069 ,3 ,5 ,6 ,5 ,3 ,4 ,17 ,4 ,19 ,66 ,43 ,1 ,5.0
1070 ,0 ,0 ,0 ,0 ,0 ,0 ,0 ,0 ,0 ,0 ,38 ,5 ,8.0
1071 ,0 ,0 ,0 ,0 ,0 ,0 ,0 ,0 ,0 ,0 ,38 ,0 ,6.0
1072 ,0 ,0 ,0 ,0 ,0 ,0 ,0 ,0 ,0 ,0 ,38 ,0 ,6.0
1073 ,6 ,2 ,6 ,1 ,3 ,4 ,21 ,39 ,66 ,148 ,40 ,2 ,7.0
1074 ,11 ,5 ,2 ,2 ,4 ,9 ,22 ,44 ,95 ,194 ,34 ,6 ,14.0
1075 ,0 ,0 ,0 ,0 ,0 ,0 ,0 ,0 ,0 ,0 ,35 ,1 ,14.0
1076 ,0 ,0 ,0 ,0 ,0 ,0 ,0 ,0 ,0 ,0 ,36 ,1 ,13.0
1077 ,0 ,0 ,0 ,0 ,0 ,0 ,0 ,0 ,0 ,0 ,35 ,1 ,14.0
1078 ,3 ,2 ,0 ,6 ,6 ,5 ,18 ,17 ,53 ,110 ,35 ,0 ,11.0
1079 ,2 ,5 ,5 ,3 ,2 ,2 ,13 ,17 ,23 ,72 ,35 ,0 ,11.0
1080 ,0 ,0 ,0 ,0 ,0 ,0 ,0 ,0 ,0 ,0 ,36 ,1 ,12.0
1081 ,6 ,4 ,3 ,1 ,1 ,4 ,16 ,1 ,26 ,62 ,36 ,0 ,12.0
1082 ,0 ,0 ,0 ,0 ,0 ,0 ,0 ,0 ,0 ,0 ,32 ,4 ,11.0
1083 ,0 ,0 ,0 ,0 ,0 ,0 ,0 ,0 ,0 ,0 ,32 ,0 ,10.0
1084 ,0 ,0 ,0 ,0 ,0 ,0 ,0 ,0 ,0 ,0 ,34 ,2 ,11.0
1085 ,0 ,6 ,6 ,7 ,3 ,3 ,16 ,0 ,9 ,50 ,35 ,1 ,11.0
1086 ,3 ,4 ,7 ,2 ,2 ,2 ,8 ,14 ,42 ,84 ,35 ,0 ,11.0
1087 ,0 ,0 ,0 ,0 ,0 ,0 ,0 ,0 ,0 ,0 ,36 ,1 ,11.0
1088 ,9 ,0 ,10 ,2 ,4 ,11 ,60 ,50 ,146 ,292 ,35 ,1 ,14.0
1089 ,9 ,5 ,2 ,1 ,1 ,4 ,5 ,20 ,43 ,90 ,35 ,0 ,14.0
1090 ,0 ,0 ,0 ,0 ,0 ,0 ,0 ,0 ,0 ,0 ,35 ,0 ,13.0
1091 ,0 ,0 ,0 ,0 ,0 ,0 ,0 ,0 ,0 ,0 ,35 ,0 ,12.0
1092 ,0 ,0 ,0 ,0 ,0 ,0 ,0 ,0 ,0 ,0 ,35 ,0 ,13.0
1093 ,1 ,0 ,14 ,0 ,0 ,1 ,3 ,6 ,11 ,36 ,35 ,0 ,13.0
1094 ,2 ,1 ,2 ,1 ,2 ,6 ,2 ,8 ,12 ,36 ,34 ,1 ,14.0
1095 ,0 ,0 ,0 ,0 ,0 ,0 ,0 ,0 ,0 ,0 ,34 ,0 ,13.0
1096 ,0 ,0 ,0 ,0 ,0 ,0 ,0 ,0 ,0 ,0 ,35 ,1 ,14.0
1097 ,0 ,3 ,1 ,1 ,1 ,3 ,7 ,1 ,15 ,32 ,35 ,0 ,12.0
1098 ,10 ,0 ,5 ,5 ,3 ,1 ,16 ,17 ,23 ,80 ,32 ,3 ,15.0
1099 ,0 ,0 ,0 ,0 ,0 ,0 ,0 ,0 ,0 ,0 ,30 ,2 ,19.0
1100 ,4 ,3 ,4 ,0 ,2 ,2 ,3 ,6 ,12 ,36 ,30 ,0 ,18.0
1101 ,5 ,2 ,1 ,1 ,0 ,2 ,14 ,10 ,29 ,64 ,33 ,3 ,20.0
1102 ,0 ,0 ,0 ,0 ,0 ,0 ,0 ,0 ,0 ,0 ,33 ,0 ,19.0
1103 ,0 ,0 ,0 ,0 ,0 ,0 ,0 ,0 ,0 ,0 ,30 ,3 ,20.0
1104 ,0 ,0 ,0 ,0 ,0 ,0 ,0 ,0 ,0 ,0 ,30 ,0 ,23.0
1105 ,1 ,7 ,6 ,6 ,4 ,4 ,3 ,2 ,25 ,58 ,30 ,0 ,23.0
1106 ,0 ,0 ,0 ,0 ,0 ,0 ,0 ,0 ,0 ,0 ,29 ,1 ,23.0
1107 ,0 ,0 ,0 ,0 ,0 ,0 ,0 ,0 ,0 ,0 ,29 ,0 ,22.0
1108 ,0 ,0 ,0 ,0 ,0 ,0 ,0 ,0 ,0 ,0 ,31 ,2 ,24.0
1109 ,3 ,2 ,0 ,0 ,0 ,3 ,11 ,14 ,29 ,62 ,32 ,1 ,24.0
1110 ,3 ,0 ,3 ,2 ,0 ,1 ,13 ,24 ,36 ,82 ,31 ,1 ,25.0
1111 ,0 ,0 ,0 ,0 ,0 ,0 ,0 ,0 ,0 ,0 ,30 ,1 ,26.0
1112 ,0 ,1 ,5 ,2 ,1 ,1 ,21 ,4 ,19 ,54 ,30 ,0 ,16.0
1113 ,4 ,6 ,3 ,1 ,3 ,0 ,5 ,6 ,20 ,48 ,25 ,5 ,18.0
1114 ,0 ,0 ,0 ,0 ,0 ,0 ,0 ,0 ,0 ,0 ,23 ,2 ,18.0
1115 ,0 ,0 ,0 ,0 ,0 ,0 ,0 ,0 ,0 ,0 ,23 ,0 ,15.0
1116 ,0 ,0 ,0 ,0 ,0 ,0 ,0 ,0 ,0 ,0 ,23 ,0 ,15.0
1117 ,7 ,3 ,0 ,1 ,1 ,1 ,3 ,9 ,17 ,42 ,23 ,0 ,15.0
1118 ,0 ,0 ,0 ,0 ,0 ,0 ,0 ,0 ,0 ,0 ,23 ,0 ,14.0
1119 ,0 ,0 ,0 ,0 ,0 ,0 ,0 ,0 ,0 ,0 ,22 ,1 ,15.0
1120 ,0 ,0 ,0 ,0 ,0 ,0 ,0 ,0 ,0 ,0 ,24 ,2 ,12.0
1121 ,0 ,5 ,0 ,2 ,2 ,2 ,10 ,1 ,10 ,32 ,26 ,2 ,14.0
1122 ,0 ,0 ,2 ,3 ,0 ,2 ,1 ,3 ,3 ,14 ,25 ,1 ,14.0
1123 ,0 ,0 ,0 ,0 ,0 ,0 ,0 ,0 ,0 ,0 ,24 ,1 ,17.0
1124 ,2 ,3 ,4 ,2 ,1 ,1 ,21 ,6 ,24 ,64 ,24 ,0 ,11.0
1125 ,0 ,0 ,0 ,0 ,0 ,0 ,0 ,0 ,0 ,0 ,24 ,0 ,12.0
1126 ,5 ,3 ,4 ,4 ,3 ,6 ,27 ,27 ,73 ,152 ,23 ,1 ,12.0
1127 ,0 ,0 ,0 ,0 ,0 ,0 ,0 ,0 ,0 ,0 ,23 ,0 ,11.0
1128 ,0 ,0 ,0 ,0 ,0 ,0 ,0 ,0 ,0 ,0 ,26 ,3 ,15.0
1129 ,2 ,2 ,4 ,3 ,1 ,3 ,11 ,15 ,27 ,68 ,26 ,0 ,15.0
1130 ,0 ,0 ,0 ,0 ,0 ,0 ,0 ,0 ,0 ,0 ,25 ,1 ,15.0
1131 ,0 ,0 ,0 ,0 ,0 ,0 ,0 ,0 ,0 ,0 ,25 ,0 ,15.0
1132 ,0 ,0 ,0 ,0 ,0 ,0 ,0 ,0 ,0 ,0 ,29 ,4 ,15.0
1133 ,11 ,6 ,4 ,4 ,3 ,3 ,24 ,9 ,56 ,120 ,30 ,1 ,17.0
1134 ,0 ,3 ,3 ,1 ,2 ,0 ,1 ,10 ,18 ,38 ,29 ,1 ,19.0
1135 ,0 ,0 ,0 ,0 ,0 ,0 ,0 ,0 ,0 ,0 ,29 ,0 ,21.0
1136 ,2 ,2 ,4 ,0 ,1 ,1 ,4 ,7 ,11 ,32 ,29 ,0 ,21.0
1137 ,0 ,0 ,0 ,0 ,0 ,0 ,0 ,0 ,0 ,0 ,29 ,0 ,22.0
1138 ,2 ,2 ,5 ,4 ,0 ,3 ,6 ,8 ,8 ,38 ,28 ,1 ,20.0
1139 ,0 ,0 ,0 ,0 ,0 ,0 ,0 ,0 ,0 ,0 ,28 ,0 ,20.0
1140 ,0 ,0 ,0 ,0 ,0 ,0 ,0 ,0 ,0 ,0 ,29 ,1 ,21.0
1141 ,2 ,0 ,1 ,2 ,0 ,3 ,1 ,1 ,0 ,10 ,29 ,0 ,21.0
1142 ,0 ,0 ,0 ,0 ,0 ,0 ,0 ,0 ,0 ,0 ,28 ,1 ,19.0
1143 ,0 ,0 ,0 ,0 ,0 ,0 ,0 ,0 ,0 ,0 ,28 ,0 ,19.0
1144 ,0 ,0 ,0 ,0 ,0 ,0 ,0 ,0 ,0 ,0 ,29 ,1 ,19.0
1145 ,1 ,1 ,4 ,0 ,0 ,2 ,25 ,7 ,38 ,78 ,30 ,1 ,20.0
1146 ,6 ,5 ,5 ,11 ,8 ,7 ,11 ,6 ,37 ,96 ,29 ,1 ,21.0
1147 ,0 ,0 ,0 ,0 ,0 ,0 ,0 ,0 ,0 ,0 ,30 ,1 ,21.0
1148 ,2 ,0 ,0 ,2 ,2 ,1 ,6 ,16 ,29 ,58 ,30 ,0 ,18.0
1149 ,0 ,0 ,0 ,0 ,0 ,0 ,0 ,0 ,0 ,0 ,30 ,0 ,17.0
1150 ,0 ,5 ,6 ,0 ,0 ,1 ,7 ,4 ,1 ,24 ,30 ,0 ,6.0
1151 ,0 ,0 ,0 ,0 ,0 ,0 ,0 ,0 ,0 ,0 ,27 ,3 ,9.0
1152 ,0 ,0 ,0 ,0 ,0 ,0 ,0 ,0 ,0 ,0 ,28 ,1 ,10.0
1153 ,6 ,2 ,3 ,3 ,0 ,3 ,45 ,19 ,81 ,162 ,28 ,0 ,7.0
1154 ,0 ,0 ,0 ,0 ,0 ,0 ,0 ,0 ,0 ,0 ,26 ,2 ,5.0
1155 ,0 ,0 ,0 ,0 ,0 ,0 ,0 ,0 ,0 ,0 ,26 ,0 ,15.0
1156 ,0 ,0 ,0 ,0 ,0 ,0 ,0 ,0 ,0 ,0 ,27 ,1 ,15.0
1157 ,6 ,10 ,1 ,1 ,2 ,7 ,46 ,21 ,92 ,186 ,28 ,1 ,15.0
1158 ,1 ,2 ,0 ,0 ,2 ,3 ,21 ,14 ,43 ,86 ,25 ,3 ,13.0
1159 ,0 ,0 ,0 ,0 ,0 ,0 ,0 ,0 ,0 ,0 ,25 ,0 ,16.0
1160 ,1 ,5 ,2 ,0 ,1 ,4 ,17 ,11 ,41 ,82 ,25 ,0 ,17.0
1161 ,0 ,0 ,0 ,0 ,0 ,0 ,0 ,0 ,0 ,0 ,26 ,1 ,17.0
1162 ,5 ,4 ,5 ,4 ,1 ,1 ,2 ,2 ,10 ,34 ,26 ,0 ,18.0
1163 ,0 ,0 ,0 ,0 ,0 ,0 ,0 ,0 ,0 ,0 ,25 ,1 ,23.0
1164 ,0 ,0 ,0 ,0 ,0 ,0 ,0 ,0 ,0 ,0 ,26 ,1 ,24.0
1165 ,1 ,0 ,2 ,6 ,0 ,0 ,8 ,3 ,18 ,38 ,26 ,0 ,24.0
1166 ,0 ,0 ,0 ,0 ,0 ,0 ,0 ,0 ,0 ,0 ,26 ,0 ,37.0
1167 ,0 ,0 ,0 ,0 ,0 ,0 ,0 ,0 ,0 ,0 ,26 ,0 ,43.0
1168 ,0 ,0 ,0 ,0 ,0 ,0 ,0 ,0 ,0 ,0 ,28 ,2 ,41.0
1169 ,0 ,1 ,2 ,2 ,2 ,2 ,18 ,11 ,22 ,60 ,28 ,0 ,42.0
1170 ,1 ,3 ,2 ,1 ,0 ,2 ,9 ,6 ,18 ,42 ,26 ,2 ,40.0
1171 ,0 ,0 ,0 ,0 ,0 ,0 ,0 ,0 ,0 ,0 ,24 ,2 ,39.0
1172 ,4 ,1 ,4 ,1 ,1 ,4 ,9 ,21 ,33 ,78 ,24 ,0 ,40.0
1173 ,0 ,0 ,0 ,0 ,0 ,0 ,0 ,0 ,0 ,0 ,23 ,1 ,40.0
1174 ,0 ,2 ,2 ,1 ,1 ,6 ,18 ,0 ,28 ,58 ,23 ,0 ,45.0
1175 ,0 ,0 ,0 ,0 ,0 ,0 ,0 ,0 ,0 ,0 ,23 ,0 ,45.0
1176 ,0 ,0 ,0 ,0 ,0 ,0 ,0 ,0 ,0 ,0 ,24 ,1 ,45.0
1177 ,2 ,1 ,3 ,2 ,3 ,0 ,3 ,2 ,10 ,26 ,24 ,0 ,45.0
1178 ,0 ,0 ,0 ,0 ,0 ,0 ,0 ,0 ,0 ,0 ,20 ,4 ,44.0
1179 ,0 ,0 ,0 ,0 ,0 ,0 ,0 ,0 ,0 ,0 ,20 ,0 ,45.0
1180 ,0 ,0 ,0 ,0 ,0 ,0 ,0 ,0 ,0 ,0 ,21 ,1 ,45.0
1181 ,1 ,1 ,3 ,3 ,1 ,2 ,12 ,5 ,8 ,36 ,21 ,0 ,45.0
1182 ,1 ,6 ,3 ,2 ,0 ,1 ,0 ,1 ,8 ,22 ,17 ,4 ,41.0
1183 ,0 ,0 ,0 ,0 ,0 ,0 ,0 ,0 ,0 ,0 ,15 ,2 ,41.0
1184 ,4 ,2 ,1 ,2 ,2 ,3 ,5 ,7 ,26 ,52 ,15 ,0 ,42.0
1185 ,0 ,0 ,0 ,0 ,0 ,0 ,0 ,0 ,0 ,0 ,14 ,1 ,42.0
1186 ,5 ,1 ,2 ,4 ,0 ,1 ,7 ,14 ,30 ,64 ,14 ,0 ,44.0
1187 ,0 ,0 ,0 ,0 ,0 ,0 ,0 ,0 ,0 ,0 ,14 ,0 ,44.0
1188 ,0 ,0 ,0 ,0 ,0 ,0 ,0 ,0 ,0 ,0 ,15 ,1 ,44.0
1189 ,0 ,1 ,3 ,2 ,0 ,0 ,5 ,5 ,6 ,22 ,15 ,0 ,44.0
1190 ,0 ,0 ,0 ,0 ,0 ,0 ,0 ,0 ,0 ,0 ,14 ,1 ,44.0
1191 ,0 ,0 ,0 ,0 ,0 ,0 ,0 ,0 ,0 ,0 ,14 ,0 ,46.0
1192 ,0 ,0 ,0 ,0 ,0 ,0 ,0 ,0 ,0 ,0 ,16 ,2 ,45.0
1193 ,4 ,4 ,0 ,0 ,1 ,1 ,29 ,14 ,53 ,106 ,16 ,0 ,45.0
1194 ,0 ,0 ,0 ,0 ,0 ,0 ,0 ,0 ,0 ,0 ,15 ,1 ,44.0
1195 ,0 ,0 ,0 ,0 ,0 ,0 ,0 ,0 ,0 ,0 ,14 ,1 ,44.0
1196 ,0 ,0 ,0 ,0 ,0 ,0 ,0 ,0 ,0 ,0 ,14 ,0 ,45.0
1197 ,0 ,0 ,0 ,0 ,0 ,0 ,0 ,0 ,0 ,0 ,14 ,0 ,42.0
1198 ,1 ,3 ,3 ,0 ,0 ,1 ,2 ,2 ,2 ,14 ,14 ,0 ,43.0
1199 ,0 ,0 ,0 ,0 ,0 ,0 ,0 ,0 ,0 ,0 ,13 ,1 ,43.0
1200 ,0 ,0 ,0 ,0 ,0 ,0 ,0 ,0 ,0 ,0 ,24 ,11 ,32.0
1201 ,3 ,1 ,1 ,0 ,2 ,4 ,9 ,2 ,14 ,36 ,24 ,0 ,35.0
1202 ,0 ,0 ,0 ,0 ,0 ,0 ,0 ,0 ,0 ,0 ,23 ,1 ,36.0
1203 ,0 ,0 ,0 ,0 ,0 ,0 ,0 ,0 ,0 ,0 ,23 ,0 ,36.0
1204 ,0 ,0 ,0 ,0 ,0 ,0 ,0 ,0 ,0 ,0 ,35 ,12 ,26.0
1205 ,2 ,1 ,4 ,0 ,2 ,3 ,3 ,1 ,8 ,24 ,45 ,10 ,17.0
1206 ,0 ,0 ,0 ,0 ,0 ,0 ,0 ,0 ,0 ,0 ,44 ,1 ,16.0
1207 ,0 ,0 ,0 ,0 ,0 ,0 ,0 ,0 ,0 ,0 ,44 ,0 ,16.0
1208 ,0 ,0 ,0 ,0 ,0 ,0 ,0 ,0 ,0 ,0 ,44 ,0 ,19.0
1209 ,0 ,0 ,0 ,0 ,0 ,0 ,0 ,0 ,0 ,0 ,48 ,4 ,14.0
1210 ,0 ,0 ,5 ,5 ,3 ,1 ,2 ,1 ,9 ,26 ,48 ,0 ,15.0
1211 ,0 ,0 ,0 ,0 ,0 ,0 ,0 ,0 ,0 ,0 ,47 ,1 ,14.0
1212 ,0 ,0 ,0 ,0 ,0 ,0 ,0 ,0 ,0 ,0 ,48 ,1 ,13.0
1213 ,2 ,3 ,2 ,0 ,2 ,2 ,10 ,7 ,28 ,56 ,48 ,0 ,14.0
1214 ,0 ,0 ,0 ,0 ,0 ,0 ,0 ,0 ,0 ,0 ,47 ,1 ,13.0
1215 ,0 ,0 ,0 ,0 ,0 ,0 ,0 ,0 ,0 ,0 ,47 ,0 ,13.0
1216 ,0 ,0 ,0 ,0 ,0 ,0 ,0 ,0 ,0 ,0 ,60 ,13 ,1.0
1217 ,5 ,2 ,11 ,3 ,5 ,2 ,3 ,26 ,35 ,92 ,66 ,6 ,5.0
1218 ,0 ,0 ,0 ,0 ,0 ,0 ,0 ,0 ,0 ,0 ,64 ,2 ,7.0
1219 ,0 ,0 ,0 ,0 ,0 ,0 ,0 ,0 ,0 ,0 ,64 ,0 ,7.0
1220 ,0 ,0 ,0 ,0 ,0 ,0 ,0 ,0 ,0 ,0 ,64 ,0 ,5.0
1221 ,0 ,0 ,0 ,0 ,0 ,0 ,0 ,0 ,0 ,0 ,65 ,1 ,3.0
1222 ,8 ,19 ,6 ,17 ,8 ,2 ,2 ,11 ,39 ,112 ,65 ,0 ,3.0
1223 ,0 ,0 ,0 ,0 ,0 ,0 ,0 ,0 ,0 ,0 ,64 ,1 ,2.0
1224 ,0 ,0 ,0 ,0 ,0 ,0 ,0 ,0 ,0 ,0 ,69 ,5 ,7.0
1225 ,20 ,52 ,71 ,47 ,21 ,16 ,21 ,15 ,263 ,526 ,69 ,0 ,7.0
1226 ,0 ,0 ,0 ,0 ,0 ,0 ,0 ,0 ,0 ,0 ,68 ,1 ,7.0
1227 ,0 ,0 ,0 ,0 ,0 ,0 ,0 ,0 ,0 ,0 ,68 ,0 ,7.0
1228 ,0 ,0 ,0 ,0 ,0 ,0 ,0 ,0 ,0 ,0 ,70 ,2 ,5.0
1229 ,13 ,67 ,121 ,74 ,17 ,5 ,10 ,27 ,260 ,594 ,71 ,1 ,6.0
1230 ,18 ,58 ,73 ,63 ,17 ,9 ,3 ,10 ,225 ,476 ,70 ,1 ,7.0
1231 ,0 ,0 ,0 ,0 ,0 ,0 ,0 ,0 ,0 ,0 ,70 ,0 ,6.0
1232 ,0 ,0 ,0 ,0 ,0 ,0 ,0 ,0 ,0 ,0 ,70 ,0 ,2.0
1233 ,0 ,0 ,0 ,0 ,0 ,0 ,0 ,0 ,0 ,0 ,71 ,1 ,1.0
1234 ,7 ,7 ,62 ,4 ,6 ,2 ,5 ,43 ,136 ,272 ,71 ,0 ,0.0
1235 ,0 ,0 ,0 ,0 ,0 ,0 ,0 ,0 ,0 ,0 ,71 ,0 ,3.0
1236 ,0 ,0 ,0 ,0 ,0 ,0 ,0 ,0 ,0 ,0 ,73 ,2 ,0.0
1237 ,1 ,13 ,12 ,4 ,1 ,3 ,2 ,9 ,1 ,46 ,73 ,0 ,0.0
1238 ,0 ,0 ,0 ,0 ,0 ,0 ,0 ,0 ,0 ,0 ,72 ,1 ,0.0
1239 ,0 ,0 ,0 ,0 ,0 ,0 ,0 ,0 ,0 ,0 ,72 ,0 ,0.0
1240 ,0 ,0 ,0 ,0 ,0 ,0 ,0 ,0 ,0 ,0 ,73 ,1 ,0.0
1241 ,22 ,49 ,125 ,38 ,15 ,13 ,13 ,37 ,312 ,624 ,75 ,2 ,2.0
1242 ,6 ,20 ,80 ,23 ,10 ,5 ,7 ,10 ,161 ,322 ,73 ,2 ,4.0
1243 ,0 ,0 ,0 ,0 ,0 ,0 ,0 ,0 ,0 ,0 ,73 ,0 ,3.0
1244 ,0 ,0 ,0 ,0 ,0 ,0 ,0 ,0 ,0 ,0 ,73 ,0 ,2.0
1245 ,0 ,0 ,0 ,0 ,0 ,0 ,0 ,0 ,0 ,0 ,74 ,1 ,2.0
1246 ,0 ,3 ,4 ,5 ,0 ,1 ,0 ,9 ,16 ,38 ,74 ,0 ,2.0
1247 ,0 ,0 ,0 ,0 ,0 ,0 ,0 ,0 ,0 ,0 ,72 ,2 ,1.0
1248 ,0 ,0 ,0 ,0 ,0 ,0 ,0 ,0 ,0 ,0 ,73 ,1 ,1.0
1249 ,7 ,17 ,56 ,21 ,7 ,5 ,5 ,7 ,111 ,236 ,73 ,0 ,0.0
1250 ,0 ,0 ,0 ,0 ,0 ,0 ,0 ,0 ,0 ,0 ,62 ,11 ,10.0
1251 ,0 ,0 ,0 ,0 ,0 ,0 ,0 ,0 ,0 ,0 ,62 ,0 ,9.0
1252 ,0 ,0 ,0 ,0 ,0 ,0 ,0 ,0 ,0 ,0 ,64 ,2 ,10.0
1253 ,2 ,0 ,28 ,2 ,2 ,4 ,4 ,8 ,46 ,96 ,64 ,0 ,10.0
1254 ,3 ,3 ,2 ,2 ,1 ,2 ,1 ,3 ,11 ,28 ,52 ,12 ,22.0
1255 ,0 ,0 ,0 ,0 ,0 ,0 ,0 ,0 ,0 ,0 ,43 ,9 ,30.0
1256 ,0 ,0 ,0 ,0 ,0 ,0 ,0 ,0 ,0 ,0 ,43 ,0 ,29.0
1257 ,0 ,0 ,0 ,0 ,0 ,0 ,0 ,0 ,0 ,0 ,44 ,1 ,31.0
1258 ,3 ,6 ,5 ,7 ,1 ,1 ,2 ,1 ,12 ,38 ,44 ,0 ,31.0
1259 ,0 ,0 ,0 ,0 ,0 ,0 ,0 ,0 ,0 ,0 ,39 ,5 ,35.0
1260 ,0 ,0 ,0 ,0 ,0 ,0 ,0 ,0 ,0 ,0 ,40 ,1 ,35.0
1261 ,2 ,9 ,53 ,7 ,4 ,0 ,3 ,4 ,60 ,142 ,40 ,0 ,34.0
1262 ,0 ,0 ,0 ,0 ,0 ,0 ,0 ,0 ,0 ,0 ,39 ,1 ,34.0
1263 ,0 ,0 ,0 ,0 ,0 ,0 ,0 ,0 ,0 ,0 ,39 ,0 ,33.0
1264 ,0 ,0 ,0 ,0 ,0 ,0 ,0 ,0 ,0 ,0 ,39 ,0 ,33.0
1265 ,0 ,5 ,17 ,4 ,2 ,0 ,0 ,4 ,20 ,52 ,39 ,0 ,33.0
1266 ,3 ,10 ,12 ,8 ,4 ,2 ,2 ,3 ,44 ,88 ,27 ,12 ,46.0
1267 ,0 ,0 ,0 ,0 ,0 ,0 ,0 ,0 ,0 ,0 ,21 ,6 ,51.0
1268 ,0 ,0 ,0 ,0 ,0 ,0 ,0 ,0 ,0 ,0 ,21 ,0 ,49.0
1269 ,0 ,0 ,0 ,0 ,0 ,0 ,0 ,0 ,0 ,0 ,21 ,0 ,50.0
1270 ,0 ,3 ,15 ,2 ,1 ,1 ,4 ,1 ,25 ,52 ,21 ,0 ,49.0
1271 ,0 ,0 ,0 ,0 ,0 ,0 ,0 ,0 ,0 ,0 ,21 ,0 ,49.0
1272 ,0 ,0 ,0 ,0 ,0 ,0 ,0 ,0 ,0 ,0 ,21 ,0 ,50.0
1273 ,0 ,0 ,8 ,6 ,2 ,3 ,1 ,1 ,3 ,24 ,21 ,0 ,49.0
1274 ,0 ,0 ,0 ,0 ,0 ,0 ,0 ,0 ,0 ,0 ,16 ,5 ,54.0
1275 ,0 ,0 ,0 ,0 ,0 ,0 ,0 ,0 ,0 ,0 ,16 ,0 ,53.0
1276 ,0 ,0 ,0 ,0 ,0 ,0 ,0 ,0 ,0 ,0 ,17 ,1 ,52.0
1277 ,4 ,4 ,29 ,4 ,1 ,1 ,6 ,1 ,48 ,98 ,17 ,0 ,52.0
1278 ,0 ,1 ,1 ,3 ,0 ,0 ,2 ,0 ,1 ,8 ,15 ,2 ,54.0
1279 ,0 ,0 ,0 ,0 ,0 ,0 ,0 ,0 ,0 ,0 ,14 ,1 ,55.0
1280 ,0 ,0 ,0 ,0 ,0 ,0 ,0 ,0 ,0 ,0 ,14 ,0 ,54.0
1281 ,0 ,0 ,0 ,0 ,0 ,0 ,0 ,0 ,0 ,0 ,15 ,1 ,54.0
1282 ,3 ,4 ,4 ,15 ,7 ,2 ,4 ,3 ,34 ,76 ,15 ,0 ,54.0
1283 ,0 ,0 ,0 ,0 ,0 ,0 ,0 ,0 ,0 ,0 ,14 ,1 ,54.0
1284 ,0 ,0 ,0 ,0 ,0 ,0 ,0 ,0 ,0 ,0 ,15 ,1 ,55.0
1285 ,3 ,9 ,6 ,4 ,1 ,0 ,0 ,0 ,23 ,46 ,17 ,2 ,57.0
1286 ,0 ,0 ,0 ,0 ,0 ,0 ,0 ,0 ,0 ,0 ,14 ,3 ,58.0
1287 ,0 ,0 ,0 ,0 ,0 ,0 ,0 ,0 ,0 ,0 ,14 ,0 ,58.0
1288 ,0 ,0 ,0 ,0 ,0 ,0 ,0 ,0 ,0 ,0 ,15 ,1 ,57.0
1289 ,1 ,3 ,4 ,2 ,1 ,0 ,0 ,3 ,14 ,28 ,15 ,0 ,57.0
1290 ,0 ,0 ,0 ,0 ,0 ,0 ,0 ,0 ,0 ,0 ,14 ,1 ,58.0
