0 ,0 ,0 ,0 ,0 ,0 ,0 ,0 ,0 ,0 ,0 ,20 ,0 ,71.0
1 ,0 ,0 ,0 ,0 ,0 ,0 ,0 ,0 ,0 ,0 ,24 ,4 ,69.0
2 ,29 ,11 ,24 ,19 ,4 ,3 ,2 ,9 ,101 ,202 ,24 ,0 ,69.0
3 ,0 ,0 ,0 ,0 ,0 ,0 ,0 ,0 ,0 ,0 ,35 ,11 ,58.0
4 ,0 ,2 ,4 ,1 ,1 ,1 ,1 ,0 ,6 ,16 ,35 ,0 ,58.0
5 ,9 ,4 ,18 ,7 ,2 ,1 ,2 ,0 ,21 ,64 ,39 ,4 ,53.0
6 ,0 ,0 ,0 ,0 ,0 ,0 ,0 ,0 ,0 ,0 ,39 ,0 ,55.0
7 ,0 ,0 ,0 ,0 ,0 ,0 ,0 ,0 ,0 ,0 ,39 ,0 ,56.0
8 ,0 ,0 ,0 ,0 ,0 ,0 ,0 ,0 ,0 ,0 ,44 ,5 ,51.0
9 ,19 ,0 ,3 ,7 ,2 ,1 ,1 ,1 ,26 ,60 ,44 ,0 ,51.0
10 ,0 ,0 ,0 ,0 ,0 ,0 ,0 ,0 ,0 ,0 ,43 ,1 ,50.0
11 ,0 ,0 ,0 ,0 ,0 ,0 ,0 ,0 ,0 ,0 ,43 ,0 ,51.0
12 ,0 ,0 ,0 ,0 ,0 ,0 ,0 ,0 ,0 ,0 ,43 ,0 ,51.0
13 ,0 ,0 ,0 ,0 ,0 ,0 ,0 ,0 ,0 ,0 ,46 ,3 ,48.0
14 ,55 ,2 ,21 ,52 ,11 ,6 ,0 ,5 ,32 ,184 ,46 ,0 ,48.0
15 ,0 ,0 ,0 ,0 ,0 ,0 ,0 ,0 ,0 ,0 ,47 ,1 ,47.0
16 ,0 ,0 ,0 ,0 ,0 ,0 ,0 ,0 ,0 ,0 ,47 ,0 ,47.0
17 ,0 ,0 ,0 ,0 ,0 ,0 ,0 ,0 ,0 ,0 ,51 ,4 ,43.0
18 ,1 ,12 ,42 ,20 ,5 ,4 ,2 ,4 ,90 ,180 ,51 ,0 ,43.0
19 ,0 ,0 ,0 ,0 ,0 ,0 ,0 ,0 ,0 ,0 ,51 ,0 ,44.0
20 ,0 ,0 ,0 ,0 ,0 ,0 ,0 ,0 ,0 ,0 ,55 ,4 ,41.0
21 ,39 ,21 ,2 ,10 ,0 ,1 ,2 ,1 ,68 ,144 ,55 ,0 ,41.0
22 ,0 ,0 ,0 ,0 ,0 ,0 ,0 ,0 ,0 ,0 ,54 ,1 ,40.0
23 ,0 ,0 ,0 ,0 ,0 ,0 ,0 ,0 ,0 ,0 ,54 ,0 ,40.0
24 ,0 ,0 ,0 ,0 ,0 ,0 ,0 ,0 ,0 ,0 ,54 ,0 ,41.0
25 ,0 ,0 ,0 ,0 ,0 ,0 ,0 ,0 ,0 ,0 ,61 ,7 ,35.0
26 ,21 ,16 ,5 ,8 ,1 ,7 ,23 ,33 ,62 ,176 ,61 ,0 ,35.0
27 ,0 ,0 ,0 ,0 ,0 ,0 ,0 ,0 ,0 ,0 ,61 ,0 ,27.0
28 ,84 ,59 ,27 ,50 ,17 ,8 ,23 ,26 ,294 ,588 ,61 ,0 ,27.0
29 ,0 ,0 ,0 ,0 ,0 ,0 ,0 ,0 ,0 ,0 ,65 ,4 ,22.0
30 ,59 ,21 ,26 ,13 ,1 ,7 ,19 ,9 ,61 ,216 ,64 ,1 ,25.0
31 ,0 ,0 ,0 ,0 ,0 ,0 ,0 ,0 ,0 ,0 ,64 ,0 ,25.0
32 ,0 ,0 ,0 ,0 ,0 ,0 ,0 ,0 ,0 ,0 ,66 ,2 ,24.0
33 ,30 ,5 ,1 ,24 ,3 ,6 ,37 ,27 ,133 ,266 ,66 ,0 ,24.0
34 ,0 ,0 ,0 ,0 ,0 ,0 ,0 ,0 ,0 ,0 ,65 ,1 ,22.0
35 ,0 ,0 ,0 ,0 ,0 ,0 ,0 ,0 ,0 ,0 ,65 ,0 ,32.0
36 ,0 ,0 ,0 ,0 ,0 ,0 ,0 ,0 ,0 ,0 ,67 ,2 ,30.0
37 ,0 ,0 ,0 ,0 ,0 ,0 ,0 ,0 ,0 ,0 ,69 ,2 ,28.0
38 ,1 ,37 ,10 ,8 ,3 ,1 ,10 ,11 ,79 ,160 ,69 ,0 ,28.0
39 ,0 ,0 ,0 ,0 ,0 ,0 ,0 ,0 ,0 ,0 ,75 ,6 ,19.0
40 ,25 ,1 ,9 ,12 ,6 ,0 ,8 ,2 ,1 ,64 ,75 ,0 ,19.0
41 ,0 ,0 ,0 ,0 ,0 ,0 ,0 ,0 ,0 ,0 ,76 ,1 ,19.0
42 ,9 ,23 ,5 ,8 ,7 ,6 ,31 ,24 ,113 ,226 ,76 ,0 ,22.0
43 ,0 ,0 ,0 ,0 ,0 ,0 ,0 ,0 ,0 ,0 ,73 ,3 ,18.0
44 ,0 ,0 ,0 ,0 ,0 ,0 ,0 ,0 ,0 ,0 ,74 ,1 ,17.0
45 ,49 ,14 ,2 ,10 ,3 ,2 ,11 ,4 ,91 ,186 ,74 ,0 ,17.0
46 ,0 ,0 ,0 ,0 ,0 ,0 ,0 ,0 ,0 ,0 ,71 ,3 ,15.0
47 ,0 ,0 ,0 ,0 ,0 ,0 ,0 ,0 ,0 ,0 ,71 ,0 ,20.0
48 ,0 ,0 ,0 ,0 ,0 ,0 ,0 ,0 ,0 ,0 ,74 ,3 ,17.0
49 ,0 ,0 ,0 ,0 ,0 ,0 ,0 ,0 ,0 ,0 ,77 ,3 ,14.0
50 ,2 ,16 ,7 ,10 ,5 ,8 ,73 ,44 ,161 ,326 ,77 ,0 ,14.0
51 ,0 ,0 ,0 ,0 ,0 ,0 ,0 ,0 ,0 ,0 ,75 ,2 ,16.0
52 ,55 ,22 ,6 ,7 ,1 ,3 ,8 ,17 ,119 ,238 ,75 ,0 ,16.0
53 ,0 ,0 ,0 ,0 ,0 ,0 ,0 ,0 ,0 ,0 ,65 ,10 ,4.0
54 ,54 ,17 ,12 ,15 ,0 ,0 ,1 ,7 ,104 ,210 ,65 ,0 ,7.0
55 ,0 ,0 ,0 ,0 ,0 ,0 ,0 ,0 ,0 ,0 ,60 ,5 ,3.0
56 ,0 ,0 ,0 ,0 ,0 ,0 ,0 ,0 ,0 ,0 ,62 ,2 ,2.0
57 ,34 ,6 ,3 ,7 ,1 ,1 ,9 ,0 ,25 ,86 ,62 ,0 ,2.0
58 ,0 ,0 ,0 ,0 ,0 ,0 ,0 ,0 ,0 ,0 ,57 ,5 ,4.0
59 ,0 ,0 ,0 ,0 ,0 ,0 ,0 ,0 ,0 ,0 ,57 ,0 ,0.0
60 ,0 ,0 ,0 ,0 ,0 ,0 ,0 ,0 ,0 ,0 ,57 ,0 ,1.0
61 ,40 ,15 ,3 ,2 ,0 ,1 ,5 ,3 ,47 ,116 ,58 ,1 ,0.0
62 ,20 ,4 ,1 ,12 ,2 ,1 ,6 ,1 ,45 ,92 ,58 ,0 ,0.0
63 ,0 ,0 ,0 ,0 ,0 ,0 ,0 ,0 ,0 ,0 ,55 ,3 ,7.0
64 ,81 ,42 ,30 ,44 ,12 ,7 ,6 ,27 ,249 ,498 ,55 ,0 ,7.0
65 ,0 ,0 ,0 ,0 ,0 ,0 ,0 ,0 ,0 ,0 ,54 ,1 ,6.0
66 ,1 ,3 ,6 ,22 ,0 ,0 ,3 ,2 ,25 ,62 ,54 ,0 ,9.0
67 ,0 ,0 ,0 ,0 ,0 ,0 ,0 ,0 ,0 ,0 ,50 ,4 ,5.0
68 ,0 ,0 ,0 ,0 ,0 ,0 ,0 ,0 ,0 ,0 ,50 ,0 ,5.0
69 ,2 ,7 ,7 ,9 ,3 ,4 ,9 ,3 ,2 ,46 ,51 ,1 ,4.0
70 ,0 ,0 ,0 ,0 ,0 ,0 ,0 ,0 ,0 ,0 ,48 ,3 ,0.0
71 ,0 ,0 ,0 ,0 ,0 ,0 ,0 ,0 ,0 ,0 ,48 ,0 ,3.0
72 ,0 ,0 ,0 ,0 ,0 ,0 ,0 ,0 ,0 ,0 ,48 ,0 ,4.0
73 ,44 ,12 ,8 ,9 ,0 ,1 ,1 ,13 ,86 ,174 ,48 ,0 ,3.0
74 ,40 ,1 ,3 ,18 ,0 ,1 ,4 ,4 ,69 ,140 ,48 ,0 ,3.0
75 ,0 ,0 ,0 ,0 ,0 ,0 ,0 ,0 ,0 ,0 ,42 ,6 ,1.0
76 ,3 ,8 ,13 ,19 ,0 ,3 ,5 ,3 ,48 ,102 ,42 ,0 ,1.0
77 ,0 ,0 ,0 ,0 ,0 ,0 ,0 ,0 ,0 ,0 ,38 ,4 ,1.0
78 ,10 ,3 ,0 ,7 ,2 ,0 ,3 ,3 ,28 ,56 ,38 ,0 ,1.0
79 ,0 ,0 ,0 ,0 ,0 ,0 ,0 ,0 ,0 ,0 ,33 ,5 ,3.0
80 ,0 ,0 ,0 ,0 ,0 ,0 ,0 ,0 ,0 ,0 ,37 ,4 ,5.0
81 ,8 ,1 ,5 ,14 ,1 ,1 ,6 ,4 ,20 ,60 ,37 ,0 ,5.0
82 ,0 ,0 ,0 ,0 ,0 ,0 ,0 ,0 ,0 ,0 ,35 ,2 ,7.0
83 ,9 ,1 ,1 ,10 ,1 ,2 ,2 ,2 ,20 ,48 ,35 ,0 ,6.0
84 ,0 ,0 ,0 ,0 ,0 ,0 ,0 ,0 ,0 ,0 ,35 ,0 ,5.0
85 ,0 ,0 ,0 ,0 ,0 ,0 ,0 ,0 ,0 ,0 ,45 ,10 ,15.0
86 ,6 ,1 ,1 ,2 ,5 ,3 ,2 ,2 ,22 ,44 ,42 ,3 ,17.0
87 ,0 ,0 ,0 ,0 ,0 ,0 ,0 ,0 ,0 ,0 ,40 ,2 ,17.0
88 ,0 ,0 ,0 ,0 ,0 ,0 ,0 ,0 ,0 ,0 ,40 ,0 ,17.0
89 ,0 ,0 ,0 ,0 ,0 ,0 ,0 ,0 ,0 ,0 ,34 ,6 ,27.0
90 ,2 ,2 ,4 ,3 ,1 ,1 ,2 ,4 ,17 ,36 ,34 ,0 ,26.0
91 ,0 ,0 ,0 ,0 ,0 ,0 ,0 ,0 ,0 ,0 ,33 ,1 ,27.0
92 ,0 ,0 ,0 ,0 ,0 ,0 ,0 ,0 ,0 ,0 ,36 ,3 ,30.0
93 ,0 ,0 ,0 ,0 ,0 ,0 ,0 ,0 ,0 ,0 ,36 ,0 ,27.0
94 ,19 ,3 ,1 ,7 ,1 ,0 ,1 ,3 ,19 ,54 ,35 ,1 ,28.0
95 ,1 ,4 ,2 ,3 ,1 ,0 ,2 ,1 ,2 ,16 ,35 ,0 ,26.0
96 ,0 ,0 ,0 ,0 ,0 ,0 ,0 ,0 ,0 ,0 ,35 ,0 ,23.0
97 ,0 ,0 ,0 ,0 ,0 ,0 ,0 ,0 ,0 ,0 ,40 ,5 ,28.0
98 ,1 ,5 ,6 ,2 ,0 ,5 ,7 ,2 ,16 ,44 ,37 ,3 ,31.0
99 ,0 ,0 ,0 ,0 ,0 ,0 ,0 ,0 ,0 ,0 ,34 ,3 ,34.0
100 ,0 ,0 ,0 ,0 ,0 ,0 ,0 ,0 ,0 ,0 ,34 ,0 ,33.0
101 ,0 ,0 ,0 ,0 ,0 ,0 ,0 ,0 ,0 ,0 ,40 ,6 ,38.0
102 ,1 ,3 ,2 ,6 ,0 ,1 ,1 ,1 ,7 ,22 ,40 ,0 ,38.0
103 ,0 ,0 ,0 ,0 ,0 ,0 ,0 ,0 ,0 ,0 ,39 ,1 ,28.0
104 ,0 ,0 ,0 ,0 ,0 ,0 ,0 ,0 ,0 ,0 ,42 ,3 ,31.0
105 ,5 ,13 ,33 ,7 ,6 ,4 ,6 ,8 ,82 ,164 ,42 ,0 ,26.0
106 ,0 ,0 ,0 ,0 ,0 ,0 ,0 ,0 ,0 ,0 ,41 ,1 ,28.0
107 ,0 ,0 ,0 ,0 ,0 ,0 ,0 ,0 ,0 ,0 ,41 ,0 ,27.0
108 ,0 ,0 ,0 ,0 ,0 ,0 ,0 ,0 ,0 ,0 ,40 ,1 ,22.0
109 ,0 ,0 ,0 ,0 ,0 ,0 ,0 ,0 ,0 ,0 ,44 ,4 ,25.0
110 ,15 ,27 ,38 ,38 ,18 ,8 ,25 ,70 ,239 ,478 ,44 ,0 ,25.0
111 ,0 ,0 ,0 ,0 ,0 ,0 ,0 ,0 ,0 ,0 ,43 ,1 ,25.0
112 ,0 ,0 ,0 ,0 ,0 ,0 ,0 ,0 ,0 ,0 ,43 ,0 ,25.0
113 ,0 ,0 ,0 ,0 ,0 ,0 ,0 ,0 ,0 ,0 ,53 ,10 ,32.0
114 ,1 ,11 ,21 ,17 ,11 ,0 ,7 ,29 ,97 ,194 ,53 ,0 ,31.0
115 ,0 ,0 ,0 ,0 ,0 ,0 ,0 ,0 ,0 ,0 ,53 ,0 ,29.0
116 ,0 ,0 ,0 ,0 ,0 ,0 ,0 ,0 ,0 ,0 ,56 ,3 ,33.0
117 ,2 ,6 ,33 ,32 ,6 ,1 ,1 ,4 ,73 ,158 ,56 ,0 ,29.0
118 ,0 ,0 ,0 ,0 ,0 ,0 ,0 ,0 ,0 ,0 ,56 ,0 ,28.0
119 ,0 ,0 ,0 ,0 ,0 ,0 ,0 ,0 ,0 ,0 ,55 ,1 ,29.0
120 ,0 ,0 ,0 ,0 ,0 ,0 ,0 ,0 ,0 ,0 ,55 ,0 ,26.0
121 ,0 ,0 ,0 ,0 ,0 ,0 ,0 ,0 ,0 ,0 ,58 ,3 ,29.0
122 ,48 ,28 ,10 ,1 ,11 ,4 ,6 ,19 ,125 ,252 ,58 ,0 ,29.0
123 ,0 ,0 ,0 ,0 ,0 ,0 ,0 ,0 ,0 ,0 ,57 ,1 ,27.0
124 ,0 ,0 ,0 ,0 ,0 ,0 ,0 ,0 ,0 ,0 ,57 ,0 ,27.0
125 ,0 ,0 ,0 ,0 ,0 ,0 ,0 ,0 ,0 ,0 ,60 ,3 ,25.0
126 ,40 ,29 ,45 ,27 ,10 ,5 ,11 ,26 ,193 ,386 ,60 ,0 ,24.0
127 ,0 ,0 ,0 ,0 ,0 ,0 ,0 ,0 ,0 ,0 ,60 ,0 ,20.0
128 ,0 ,0 ,0 ,0 ,0 ,0 ,0 ,0 ,0 ,0 ,62 ,2 ,23.0
129 ,5 ,8 ,61 ,4 ,8 ,5 ,5 ,16 ,70 ,182 ,62 ,0 ,18.0
130 ,0 ,0 ,0 ,0 ,0 ,0 ,0 ,0 ,0 ,0 ,59 ,3 ,22.0
131 ,0 ,0 ,0 ,0 ,0 ,0 ,0 ,0 ,0 ,0 ,59 ,0 ,21.0
132 ,0 ,0 ,0 ,0 ,0 ,0 ,0 ,0 ,0 ,0 ,59 ,0 ,19.0
133 ,0 ,0 ,0 ,0 ,0 ,0 ,0 ,0 ,0 ,0 ,60 ,1 ,20.0
134 ,16 ,7 ,96 ,13 ,14 ,7 ,6 ,34 ,1 ,194 ,60 ,0 ,20.0
135 ,0 ,0 ,0 ,0 ,0 ,0 ,0 ,0 ,0 ,0 ,50 ,10 ,30.0
136 ,0 ,0 ,0 ,0 ,0 ,0 ,0 ,0 ,0 ,0 ,50 ,0 ,27.0
137 ,0 ,0 ,0 ,0 ,0 ,0 ,0 ,0 ,0 ,0 ,52 ,2 ,26.0
138 ,23 ,11 ,93 ,31 ,2 ,10 ,1 ,94 ,241 ,506 ,52 ,0 ,26.0
139 ,0 ,0 ,0 ,0 ,0 ,0 ,0 ,0 ,0 ,0 ,48 ,4 ,19.0
140 ,0 ,0 ,0 ,0 ,0 ,0 ,0 ,0 ,0 ,0 ,49 ,1 ,21.0
141 ,7 ,1 ,36 ,7 ,1 ,20 ,10 ,32 ,62 ,176 ,49 ,0 ,20.0
142 ,0 ,0 ,0 ,0 ,0 ,0 ,0 ,0 ,0 ,0 ,46 ,3 ,23.0
143 ,0 ,0 ,0 ,0 ,0 ,0 ,0 ,0 ,0 ,0 ,46 ,0 ,23.0
144 ,0 ,0 ,0 ,0 ,0 ,0 ,0 ,0 ,0 ,0 ,46 ,0 ,21.0
145 ,0 ,0 ,0 ,0 ,0 ,0 ,0 ,0 ,0 ,0 ,48 ,2 ,22.0
146 ,1 ,11 ,22 ,31 ,11 ,4 ,2 ,19 ,49 ,150 ,48 ,0 ,22.0
147 ,0 ,0 ,0 ,0 ,0 ,0 ,0 ,0 ,0 ,0 ,43 ,5 ,26.0
148 ,0 ,0 ,0 ,0 ,0 ,0 ,0 ,0 ,0 ,0 ,43 ,0 ,23.0
149 ,0 ,0 ,0 ,0 ,0 ,0 ,0 ,0 ,0 ,0 ,43 ,0 ,21.0
150 ,5 ,21 ,1 ,27 ,10 ,0 ,0 ,17 ,79 ,160 ,44 ,1 ,21.0
151 ,0 ,0 ,0 ,0 ,0 ,0 ,0 ,0 ,0 ,0 ,37 ,7 ,24.0
152 ,0 ,0 ,0 ,0 ,0 ,0 ,0 ,0 ,0 ,0 ,37 ,0 ,24.0
153 ,3 ,5 ,55 ,2 ,1 ,2 ,4 ,2 ,62 ,136 ,37 ,0 ,23.0
154 ,0 ,0 ,0 ,0 ,0 ,0 ,0 ,0 ,0 ,0 ,34 ,3 ,25.0
155 ,0 ,0 ,0 ,0 ,0 ,0 ,0 ,0 ,0 ,0 ,34 ,0 ,24.0
156 ,0 ,0 ,0 ,0 ,0 ,0 ,0 ,0 ,0 ,0 ,34 ,0 ,23.0
157 ,0 ,0 ,0 ,0 ,0 ,0 ,0 ,0 ,0 ,0 ,35 ,1 ,25.0
158 ,0 ,3 ,16 ,3 ,1 ,3 ,3 ,13 ,8 ,50 ,35 ,0 ,24.0
159 ,0 ,0 ,0 ,0 ,0 ,0 ,0 ,0 ,0 ,0 ,32 ,3 ,26.0
160 ,0 ,0 ,0 ,0 ,0 ,0 ,0 ,0 ,0 ,0 ,32 ,0 ,26.0
161 ,0 ,0 ,0 ,0 ,0 ,0 ,0 ,0 ,0 ,0 ,33 ,1 ,27.0
162 ,2 ,2 ,25 ,3 ,1 ,2 ,2 ,5 ,24 ,66 ,33 ,0 ,25.0
163 ,0 ,0 ,0 ,0 ,0 ,0 ,0 ,0 ,0 ,0 ,23 ,10 ,35.0
164 ,0 ,0 ,0 ,0 ,0 ,0 ,0 ,0 ,0 ,0 ,24 ,1 ,36.0
165 ,2 ,4 ,35 ,5 ,1 ,3 ,1 ,5 ,24 ,80 ,25 ,1 ,37.0
166 ,0 ,0 ,0 ,0 ,0 ,0 ,0 ,0 ,0 ,0 ,21 ,4 ,38.0
167 ,0 ,0 ,0 ,0 ,0 ,0 ,0 ,0 ,0 ,0 ,21 ,0 ,33.0
168 ,0 ,0 ,0 ,0 ,0 ,0 ,0 ,0 ,0 ,0 ,22 ,1 ,34.0
169 ,0 ,0 ,0 ,0 ,0 ,0 ,0 ,0 ,0 ,0 ,22 ,0 ,33.0
170 ,0 ,2 ,31 ,4 ,1 ,2 ,2 ,11 ,13 ,66 ,22 ,0 ,33.0
171 ,0 ,0 ,0 ,0 ,0 ,0 ,0 ,0 ,0 ,0 ,19 ,3 ,35.0
172 ,0 ,0 ,0 ,0 ,0 ,0 ,0 ,0 ,0 ,0 ,19 ,0 ,35.0
173 ,0 ,0 ,0 ,0 ,0 ,0 ,0 ,0 ,0 ,0 ,21 ,2 ,35.0
174 ,1 ,4 ,4 ,4 ,0 ,1 ,3 ,5 ,2 ,24 ,21 ,0 ,34.0
175 ,0 ,5 ,15 ,6 ,4 ,3 ,1 ,2 ,36 ,72 ,17 ,4 ,37.0
176 ,0 ,0 ,0 ,0 ,0 ,0 ,0 ,0 ,0 ,0 ,18 ,1 ,37.0
177 ,0 ,1 ,5 ,4 ,1 ,3 ,4 ,6 ,12 ,36 ,18 ,0 ,35.0
178 ,0 ,0 ,0 ,0 ,0 ,0 ,0 ,0 ,0 ,0 ,15 ,3 ,37.0
179 ,0 ,0 ,0 ,0 ,0 ,0 ,0 ,0 ,0 ,0 ,15 ,0 ,37.0
180 ,0 ,0 ,0 ,0 ,0 ,0 ,0 ,0 ,0 ,0 ,15 ,0 ,34.0
181 ,0 ,0 ,0 ,0 ,0 ,0 ,0 ,0 ,0 ,0 ,16 ,1 ,35.0
182 ,3 ,9 ,7 ,8 ,3 ,0 ,2 ,7 ,39 ,78 ,16 ,0 ,35.0
183 ,0 ,0 ,0 ,0 ,0 ,0 ,0 ,0 ,0 ,0 ,15 ,1 ,36.0
184 ,0 ,0 ,0 ,0 ,0 ,0 ,0 ,0 ,0 ,0 ,15 ,0 ,36.0
185 ,0 ,0 ,0 ,0 ,0 ,0 ,0 ,0 ,0 ,0 ,15 ,0 ,25.0
186 ,0 ,5 ,31 ,3 ,0 ,1 ,1 ,0 ,31 ,72 ,15 ,0 ,25.0
187 ,0 ,0 ,0 ,0 ,0 ,0 ,0 ,0 ,0 ,0 ,14 ,1 ,27.0
188 ,0 ,0 ,0 ,0 ,0 ,0 ,0 ,0 ,0 ,0 ,14 ,0 ,27.0
189 ,5 ,14 ,22 ,6 ,8 ,2 ,4 ,0 ,17 ,78 ,15 ,1 ,23.0
190 ,1 ,4 ,1 ,2 ,2 ,1 ,1 ,2 ,14 ,28 ,13 ,2 ,24.0
191 ,0 ,0 ,0 ,0 ,0 ,0 ,0 ,0 ,0 ,0 ,13 ,0 ,24.0
192 ,0 ,0 ,0 ,0 ,0 ,0 ,0 ,0 ,0 ,0 ,13 ,0 ,21.0
193 ,0 ,4 ,3 ,1 ,3 ,1 ,1 ,1 ,6 ,20 ,13 ,0 ,21.0
194 ,2 ,2 ,7 ,2 ,3 ,2 ,1 ,2 ,3 ,24 ,14 ,1 ,22.0
195 ,0 ,0 ,0 ,0 ,0 ,0 ,0 ,0 ,0 ,0 ,13 ,1 ,21.0
196 ,0 ,0 ,0 ,0 ,0 ,0 ,0 ,0 ,0 ,0 ,13 ,0 ,21.0
197 ,0 ,0 ,0 ,0 ,0 ,0 ,0 ,0 ,0 ,0 ,14 ,1 ,17.0
198 ,0 ,2 ,29 ,1 ,3 ,1 ,0 ,1 ,31 ,68 ,14 ,0 ,17.0
199 ,0 ,0 ,0 ,0 ,0 ,0 ,0 ,0 ,0 ,0 ,13 ,1 ,17.0
200 ,0 ,0 ,0 ,0 ,0 ,0 ,0 ,0 ,0 ,0 ,13 ,0 ,17.0
201 ,1 ,1 ,5 ,4 ,0 ,0 ,0 ,2 ,3 ,16 ,16 ,3 ,14.0
202 ,0 ,0 ,0 ,0 ,0 ,0 ,0 ,0 ,0 ,0 ,16 ,0 ,14.0
203 ,0 ,0 ,0 ,0 ,0 ,0 ,0 ,0 ,0 ,0 ,16 ,0 ,13.0
204 ,0 ,0 ,0 ,0 ,0 ,0 ,0 ,0 ,0 ,0 ,17 ,1 ,11.0
205 ,0 ,0 ,0 ,0 ,0 ,0 ,0 ,0 ,0 ,0 ,18 ,1 ,12.0
206 ,0 ,5 ,13 ,2 ,1 ,3 ,3 ,0 ,15 ,42 ,18 ,0 ,12.0
207 ,0 ,0 ,0 ,0 ,0 ,0 ,0 ,0 ,0 ,0 ,16 ,2 ,12.0
208 ,0 ,0 ,0 ,0 ,0 ,0 ,0 ,0 ,0 ,0 ,16 ,0 ,12.0
209 ,0 ,0 ,0 ,0 ,0 ,0 ,0 ,0 ,0 ,0 ,18 ,2 ,10.0
210 ,0 ,4 ,1 ,2 ,2 ,2 ,1 ,2 ,4 ,18 ,18 ,0 ,10.0
211 ,0 ,0 ,0 ,0 ,0 ,0 ,0 ,0 ,0 ,0 ,16 ,2 ,11.0
212 ,0 ,0 ,0 ,0 ,0 ,0 ,0 ,0 ,0 ,0 ,18 ,2 ,12.0
213 ,2 ,2 ,1 ,6 ,1 ,0 ,2 ,2 ,2 ,18 ,18 ,0 ,3.0
214 ,0 ,0 ,8 ,0 ,0 ,1 ,2 ,1 ,4 ,16 ,17 ,1 ,3.0
215 ,0 ,0 ,0 ,0 ,0 ,0 ,0 ,0 ,0 ,0 ,16 ,1 ,3.0
216 ,0 ,0 ,0 ,0 ,0 ,0 ,0 ,0 ,0 ,0 ,18 ,2 ,1.0
217 ,1 ,2 ,1 ,4 ,1 ,0 ,0 ,3 ,8 ,20 ,23 ,5 ,5.0
218 ,0 ,0 ,0 ,0 ,0 ,0 ,0 ,0 ,0 ,0 ,22 ,1 ,6.0
219 ,0 ,0 ,9 ,2 ,0 ,4 ,0 ,1 ,12 ,28 ,22 ,0 ,5.0
220 ,0 ,0 ,0 ,0 ,0 ,0 ,0 ,0 ,0 ,0 ,22 ,0 ,5.0
221 ,0 ,0 ,0 ,0 ,0 ,0 ,0 ,0 ,0 ,0 ,23 ,1 ,3.0
222 ,0 ,3 ,19 ,2 ,0 ,1 ,0 ,1 ,22 ,48 ,23 ,0 ,3.0
223 ,0 ,0 ,0 ,0 ,0 ,0 ,0 ,0 ,0 ,0 ,22 ,1 ,5.0
224 ,0 ,0 ,0 ,0 ,0 ,0 ,0 ,0 ,0 ,0 ,23 ,1 ,6.0
225 ,1 ,1 ,14 ,4 ,2 ,2 ,0 ,4 ,12 ,40 ,23 ,0 ,2.0
226 ,5 ,16 ,56 ,5 ,4 ,3 ,4 ,4 ,97 ,194 ,23 ,0 ,3.0
227 ,0 ,0 ,0 ,0 ,0 ,0 ,0 ,0 ,0 ,0 ,25 ,2 ,4.0
228 ,0 ,0 ,0 ,0 ,0 ,0 ,0 ,0 ,0 ,0 ,25 ,0 ,1.0
229 ,1 ,5 ,16 ,4 ,0 ,1 ,1 ,3 ,31 ,62 ,25 ,0 ,2.0
230 ,1 ,1 ,13 ,1 ,0 ,1 ,1 ,3 ,21 ,42 ,25 ,0 ,2.0
231 ,0 ,0 ,0 ,0 ,0 ,0 ,0 ,0 ,0 ,0 ,24 ,1 ,2.0
232 ,0 ,0 ,0 ,0 ,0 ,0 ,0 ,0 ,0 ,0 ,24 ,0 ,2.0
233 ,0 ,0 ,0 ,0 ,0 ,0 ,0 ,0 ,0 ,0 ,24 ,0 ,1.0
234 ,5 ,5 ,13 ,10 ,6 ,3 ,4 ,5 ,25 ,76 ,24 ,0 ,1.0
235 ,0 ,0 ,0 ,0 ,0 ,0 ,0 ,0 ,0 ,0 ,25 ,1 ,2.0
236 ,0 ,0 ,0 ,0 ,0 ,0 ,0 ,0 ,0 ,0 ,25 ,0 ,1.0
237 ,2 ,2 ,23 ,2 ,2 ,0 ,0 ,3 ,28 ,62 ,25 ,0 ,0.0
238 ,2 ,6 ,9 ,0 ,1 ,0 ,0 ,3 ,19 ,40 ,25 ,0 ,1.0
239 ,0 ,0 ,0 ,0 ,0 ,0 ,0 ,0 ,0 ,0 ,25 ,0 ,0.0
240 ,0 ,0 ,0 ,0 ,0 ,0 ,0 ,0 ,0 ,0 ,25 ,0 ,2.0
241 ,1 ,4 ,25 ,8 ,3 ,1 ,1 ,4 ,45 ,92 ,25 ,0 ,2.0
242 ,4 ,12 ,91 ,9 ,3 ,1 ,1 ,1 ,118 ,240 ,25 ,0 ,2.0
243 ,0 ,0 ,0 ,0 ,0 ,0 ,0 ,0 ,0 ,0 ,25 ,0 ,2.0
244 ,0 ,0 ,0 ,0 ,0 ,0 ,0 ,0 ,0 ,0 ,24 ,1 ,1.0
245 ,0 ,0 ,0 ,0 ,0 ,0 ,0 ,0 ,0 ,0 ,27 ,3 ,0.0
246 ,0 ,2 ,23 ,1 ,1 ,0 ,0 ,2 ,17 ,46 ,27 ,0 ,0.0
247 ,0 ,0 ,0 ,0 ,0 ,0 ,0 ,0 ,0 ,0 ,26 ,1 ,1.0
248 ,0 ,0 ,0 ,0 ,0 ,0 ,0 ,0 ,0 ,0 ,26 ,0 ,1.0
249 ,3 ,4 ,5 ,9 ,3 ,2 ,3 ,4 ,33 ,66 ,26 ,0 ,0.0
250 ,0 ,0 ,0 ,0 ,0 ,0 ,0 ,0 ,0 ,0 ,27 ,1 ,0.0
251 ,0 ,0 ,0 ,0 ,0 ,0 ,0 ,0 ,0 ,0 ,23 ,4 ,3.0
252 ,1 ,11 ,28 ,7 ,2 ,1 ,1 ,2 ,49 ,102 ,23 ,0 ,1.0
253 ,0 ,0 ,0 ,0 ,0 ,0 ,0 ,0 ,0 ,0 ,24 ,1 ,3.0
254 ,1 ,3 ,9 ,0 ,3 ,3 ,0 ,0 ,7 ,26 ,23 ,1 ,4.0
255 ,0 ,0 ,0 ,0 ,0 ,0 ,0 ,0 ,0 ,0 ,22 ,1 ,4.0
256 ,0 ,0 ,0 ,0 ,0 ,0 ,0 ,0 ,0 ,0 ,22 ,0 ,4.0
257 ,0 ,0 ,0 ,0 ,0 ,0 ,0 ,0 ,0 ,0 ,23 ,1 ,3.0
258 ,0 ,0 ,0 ,0 ,0 ,0 ,0 ,0 ,0 ,0 ,23 ,0 ,3.0
259 ,0 ,0 ,0 ,0 ,0 ,0 ,0 ,0 ,0 ,0 ,22 ,1 ,5.0
260 ,1 ,4 ,8 ,3 ,2 ,1 ,0 ,2 ,13 ,34 ,22 ,0 ,4.0
261 ,2 ,1 ,2 ,0 ,1 ,4 ,1 ,2 ,13 ,26 ,22 ,0 ,2.0
262 ,0 ,0 ,0 ,0 ,0 ,0 ,0 ,0 ,0 ,0 ,21 ,1 ,4.0
263 ,1 ,1 ,14 ,4 ,3 ,1 ,2 ,1 ,5 ,32 ,20 ,1 ,4.0
264 ,0 ,0 ,0 ,0 ,0 ,0 ,0 ,0 ,0 ,0 ,21 ,1 ,4.0
265 ,0 ,0 ,0 ,0 ,0 ,0 ,0 ,0 ,0 ,0 ,22 ,1 ,4.0
266 ,3 ,2 ,8 ,2 ,1 ,0 ,1 ,1 ,2 ,20 ,20 ,2 ,6.0
267 ,0 ,0 ,0 ,0 ,0 ,0 ,0 ,0 ,0 ,0 ,16 ,4 ,9.0
268 ,0 ,0 ,0 ,0 ,0 ,0 ,0 ,0 ,0 ,0 ,16 ,0 ,8.0
269 ,0 ,0 ,0 ,0 ,0 ,0 ,0 ,0 ,0 ,0 ,17 ,1 ,10.0
270 ,3 ,6 ,28 ,9 ,4 ,2 ,0 ,2 ,54 ,108 ,17 ,0 ,10.0
271 ,0 ,0 ,0 ,0 ,0 ,0 ,0 ,0 ,0 ,0 ,16 ,1 ,11.0
272 ,0 ,0 ,0 ,0 ,0 ,0 ,0 ,0 ,0 ,0 ,16 ,0 ,10.0
273 ,0 ,0 ,0 ,0 ,0 ,0 ,0 ,0 ,0 ,0 ,16 ,0 ,9.0
274 ,0 ,0 ,0 ,0 ,0 ,0 ,0 ,0 ,0 ,0 ,15 ,1 ,10.0
275 ,2 ,3 ,32 ,5 ,3 ,1 ,0 ,2 ,46 ,94 ,15 ,0 ,9.0
276 ,0 ,0 ,0 ,0 ,0 ,0 ,0 ,0 ,0 ,0 ,15 ,0 ,9.0
277 ,0 ,0 ,0 ,0 ,0 ,0 ,0 ,0 ,0 ,0 ,14 ,1 ,12.0
278 ,2 ,6 ,19 ,6 ,3 ,2 ,3 ,1 ,32 ,74 ,14 ,0 ,12.0
279 ,0 ,0 ,0 ,0 ,0 ,0 ,0 ,0 ,0 ,0 ,13 ,1 ,12.0
280 ,0 ,0 ,0 ,0 ,0 ,0 ,0 ,0 ,0 ,0 ,13 ,0 ,12.0
281 ,0 ,0 ,0 ,0 ,0 ,0 ,0 ,0 ,0 ,0 ,14 ,1 ,11.0
282 ,1 ,2 ,12 ,5 ,1 ,3 ,0 ,2 ,14 ,40 ,14 ,0 ,11.0
283 ,0 ,0 ,0 ,0 ,0 ,0 ,0 ,0 ,0 ,0 ,14 ,0 ,11.0
284 ,0 ,0 ,0 ,0 ,0 ,0 ,0 ,0 ,0 ,0 ,14 ,0 ,11.0
285 ,0 ,0 ,0 ,0 ,0 ,0 ,0 ,0 ,0 ,0 ,13 ,1 ,12.0
286 ,0 ,0 ,0 ,0 ,0 ,0 ,0 ,0 ,0 ,0 ,14 ,1 ,12.0
287 ,0 ,2 ,10 ,2 ,2 ,2 ,0 ,1 ,13 ,32 ,14 ,0 ,11.0
288 ,0 ,0 ,0 ,0 ,0 ,0 ,0 ,0 ,0 ,0 ,13 ,1 ,12.0
289 ,1 ,2 ,15 ,2 ,6 ,3 ,0 ,1 ,6 ,36 ,15 ,2 ,13.0
290 ,2 ,8 ,31 ,0 ,3 ,2 ,2 ,3 ,15 ,66 ,15 ,0 ,13.0
291 ,0 ,0 ,0 ,0 ,0 ,0 ,0 ,0 ,0 ,0 ,15 ,0 ,13.0
292 ,0 ,0 ,0 ,0 ,0 ,0 ,0 ,0 ,0 ,0 ,15 ,0 ,13.0
293 ,0 ,0 ,0 ,0 ,0 ,0 ,0 ,0 ,0 ,0 ,15 ,0 ,13.0
294 ,1 ,9 ,20 ,12 ,2 ,2 ,0 ,1 ,41 ,88 ,15 ,0 ,12.0
295 ,0 ,0 ,0 ,0 ,0 ,0 ,0 ,0 ,0 ,0 ,13 ,2 ,15.0
296 ,0 ,0 ,0 ,0 ,0 ,0 ,0 ,0 ,0 ,0 ,13 ,0 ,15.0
297 ,0 ,0 ,0 ,0 ,0 ,0 ,0 ,0 ,0 ,0 ,13 ,0 ,14.0
298 ,0 ,0 ,0 ,0 ,0 ,0 ,0 ,0 ,0 ,0 ,13 ,0 ,13.0
299 ,1 ,0 ,3 ,1 ,1 ,1 ,1 ,0 ,4 ,12 ,13 ,0 ,11.0
300 ,0 ,0 ,0 ,0 ,0 ,0 ,0 ,0 ,0 ,0 ,13 ,0 ,14.0
301 ,0 ,0 ,0 ,0 ,0 ,0 ,0 ,0 ,0 ,0 ,13 ,0 ,10.0
302 ,3 ,3 ,1 ,6 ,2 ,2 ,2 ,2 ,11 ,32 ,15 ,2 ,11.0
303 ,0 ,0 ,0 ,0 ,0 ,0 ,0 ,0 ,0 ,0 ,13 ,2 ,12.0
304 ,0 ,0 ,0 ,0 ,0 ,0 ,0 ,0 ,0 ,0 ,13 ,0 ,11.0
305 ,0 ,0 ,0 ,0 ,0 ,0 ,0 ,0 ,0 ,0 ,14 ,1 ,11.0
306 ,2 ,7 ,1 ,1 ,3 ,0 ,2 ,2 ,14 ,32 ,14 ,0 ,11.0
307 ,0 ,0 ,0 ,0 ,0 ,0 ,0 ,0 ,0 ,0 ,13 ,1 ,12.0
308 ,0 ,0 ,0 ,0 ,0 ,0 ,0 ,0 ,0 ,0 ,13 ,0 ,10.0
309 ,0 ,0 ,0 ,0 ,0 ,0 ,0 ,0 ,0 ,0 ,13 ,0 ,9.0
310 ,0 ,0 ,0 ,0 ,0 ,0 ,0 ,0 ,0 ,0 ,14 ,1 ,10.0
311 ,2 ,2 ,8 ,4 ,1 ,1 ,0 ,0 ,16 ,34 ,14 ,0 ,10.0
312 ,0 ,0 ,0 ,0 ,0 ,0 ,0 ,0 ,0 ,0 ,14 ,0 ,8.0
313 ,0 ,3 ,8 ,1 ,0 ,0 ,1 ,0 ,13 ,26 ,14 ,0 ,8.0
314 ,2 ,4 ,25 ,2 ,2 ,2 ,1 ,2 ,40 ,80 ,13 ,1 ,9.0
315 ,0 ,0 ,0 ,0 ,0 ,0 ,0 ,0 ,0 ,0 ,12 ,1 ,10.0
316 ,0 ,0 ,0 ,0 ,0 ,0 ,0 ,0 ,0 ,0 ,12 ,0 ,8.0
317 ,0 ,0 ,0 ,0 ,0 ,0 ,0 ,0 ,0 ,0 ,14 ,2 ,5.0
318 ,0 ,1 ,3 ,2 ,1 ,1 ,2 ,3 ,5 ,18 ,14 ,0 ,5.0
319 ,0 ,0 ,0 ,0 ,0 ,0 ,0 ,0 ,0 ,0 ,12 ,2 ,6.0
320 ,0 ,0 ,0 ,0 ,0 ,0 ,0 ,0 ,0 ,0 ,12 ,0 ,6.0
321 ,0 ,0 ,0 ,0 ,0 ,0 ,0 ,0 ,0 ,0 ,12 ,0 ,5.0
322 ,0 ,0 ,0 ,0 ,0 ,0 ,0 ,0 ,0 ,0 ,13 ,1 ,5.0
323 ,1 ,3 ,3 ,5 ,3 ,0 ,1 ,1 ,11 ,28 ,13 ,0 ,4.0
324 ,0 ,0 ,0 ,0 ,0 ,0 ,0 ,0 ,0 ,0 ,13 ,0 ,3.0
325 ,2 ,5 ,19 ,7 ,2 ,1 ,1 ,1 ,38 ,76 ,14 ,1 ,4.0
326 ,0 ,0 ,0 ,0 ,0 ,0 ,0 ,0 ,0 ,0 ,14 ,0 ,4.0
327 ,2 ,5 ,17 ,9 ,3 ,1 ,1 ,1 ,37 ,76 ,13 ,1 ,2.0
328 ,0 ,0 ,0 ,0 ,0 ,0 ,0 ,0 ,0 ,0 ,13 ,0 ,2.0
329 ,0 ,0 ,0 ,0 ,0 ,0 ,0 ,0 ,0 ,0 ,13 ,0 ,2.0
330 ,1 ,3 ,14 ,9 ,3 ,0 ,2 ,0 ,28 ,60 ,13 ,0 ,2.0
331 ,0 ,0 ,0 ,0 ,0 ,0 ,0 ,0 ,0 ,0 ,13 ,0 ,2.0
332 ,0 ,0 ,0 ,0 ,0 ,0 ,0 ,0 ,0 ,0 ,13 ,0 ,2.0
333 ,0 ,0 ,0 ,0 ,0 ,0 ,0 ,0 ,0 ,0 ,13 ,0 ,2.0
334 ,0 ,0 ,0 ,0 ,0 ,0 ,0 ,0 ,0 ,0 ,13 ,0 ,1.0
335 ,2 ,3 ,3 ,1 ,1 ,1 ,2 ,3 ,14 ,30 ,13 ,0 ,0.0
336 ,0 ,0 ,0 ,0 ,0 ,0 ,0 ,0 ,0 ,0 ,13 ,0 ,1.0
337 ,2 ,4 ,0 ,2 ,1 ,0 ,1 ,2 ,2 ,14 ,14 ,1 ,2.0
338 ,2 ,1 ,3 ,2 ,2 ,2 ,2 ,2 ,10 ,26 ,13 ,1 ,1.0
339 ,0 ,0 ,0 ,0 ,0 ,0 ,0 ,0 ,0 ,0 ,12 ,1 ,2.0
340 ,0 ,0 ,0 ,0 ,0 ,0 ,0 ,0 ,0 ,0 ,12 ,0 ,2.0
341 ,0 ,0 ,0 ,0 ,0 ,0 ,0 ,0 ,0 ,0 ,12 ,0 ,2.0
342 ,1 ,9 ,18 ,8 ,3 ,0 ,3 ,1 ,43 ,86 ,12 ,0 ,2.0
343 ,0 ,0 ,0 ,0 ,0 ,0 ,0 ,0 ,0 ,0 ,12 ,0 ,2.0
344 ,0 ,0 ,0 ,0 ,0 ,0 ,0 ,0 ,0 ,0 ,12 ,0 ,1.0
345 ,0 ,0 ,0 ,0 ,0 ,0 ,0 ,0 ,0 ,0 ,12 ,0 ,1.0
346 ,0 ,0 ,0 ,0 ,0 ,0 ,0 ,0 ,0 ,0 ,12 ,0 ,1.0
347 ,2 ,3 ,14 ,3 ,5 ,0 ,3 ,3 ,5 ,38 ,12 ,0 ,1.0
348 ,0 ,0 ,0 ,0 ,0 ,0 ,0 ,0 ,0 ,0 ,13 ,1 ,0.0
349 ,1 ,1 ,1 ,5 ,2 ,1 ,0 ,0 ,3 ,14 ,15 ,2 ,2.0
350 ,1 ,0 ,6 ,5 ,2 ,3 ,1 ,1 ,17 ,36 ,13 ,2 ,2.0
351 ,0 ,0 ,0 ,0 ,0 ,0 ,0 ,0 ,0 ,0 ,13 ,0 ,1.0
352 ,0 ,0 ,0 ,0 ,0 ,0 ,0 ,0 ,0 ,0 ,12 ,1 ,3.0
353 ,0 ,0 ,0 ,0 ,0 ,0 ,0 ,0 ,0 ,0 ,12 ,0 ,2.0
354 ,0 ,4 ,0 ,4 ,1 ,1 ,1 ,1 ,10 ,22 ,12 ,0 ,2.0
355 ,0 ,0 ,0 ,0 ,0 ,0 ,0 ,0 ,0 ,0 ,11 ,1 ,3.0
356 ,0 ,0 ,0 ,0 ,0 ,0 ,0 ,0 ,0 ,0 ,11 ,0 ,2.0
357 ,0 ,0 ,0 ,0 ,0 ,0 ,0 ,0 ,0 ,0 ,11 ,0 ,1.0
358 ,0 ,0 ,0 ,0 ,0 ,0 ,0 ,0 ,0 ,0 ,13 ,2 ,2.0
359 ,1 ,2 ,5 ,1 ,0 ,0 ,0 ,1 ,10 ,20 ,13 ,0 ,2.0
360 ,0 ,0 ,0 ,0 ,0 ,0 ,0 ,0 ,0 ,0 ,12 ,1 ,2.0
361 ,1 ,0 ,5 ,1 ,3 ,2 ,1 ,2 ,11 ,26 ,12 ,0 ,2.0
362 ,0 ,4 ,5 ,3 ,3 ,1 ,0 ,3 ,19 ,38 ,13 ,1 ,3.0
363 ,0 ,0 ,0 ,0 ,0 ,0 ,0 ,0 ,0 ,0 ,12 ,1 ,2.0
364 ,0 ,0 ,0 ,0 ,0 ,0 ,0 ,0 ,0 ,0 ,12 ,0 ,1.0
365 ,0 ,0 ,0 ,0 ,0 ,0 ,0 ,0 ,0 ,0 ,12 ,0 ,0.0
366 ,0 ,0 ,2 ,6 ,0 ,4 ,1 ,0 ,1 ,14 ,12 ,0 ,0.0
367 ,0 ,0 ,0 ,0 ,0 ,0 ,0 ,0 ,0 ,0 ,11 ,1 ,2.0
368 ,0 ,0 ,0 ,0 ,0 ,0 ,0 ,0 ,0 ,0 ,11 ,0 ,2.0
369 ,0 ,0 ,0 ,0 ,0 ,0 ,0 ,0 ,0 ,0 ,11 ,0 ,0.0
370 ,0 ,0 ,0 ,0 ,0 ,0 ,0 ,0 ,0 ,0 ,11 ,0 ,0.0
371 ,3 ,3 ,8 ,5 ,0 ,1 ,0 ,2 ,22 ,44 ,11 ,0 ,0.0
372 ,0 ,0 ,0 ,0 ,0 ,0 ,0 ,0 ,0 ,0 ,11 ,0 ,1.0
373 ,2 ,9 ,12 ,3 ,2 ,0 ,1 ,0 ,27 ,56 ,12 ,1 ,2.0
374 ,4 ,10 ,15 ,8 ,5 ,2 ,3 ,1 ,48 ,96 ,12 ,0 ,2.0
375 ,0 ,0 ,0 ,0 ,0 ,0 ,0 ,0 ,0 ,0 ,11 ,1 ,2.0
376 ,0 ,0 ,0 ,0 ,0 ,0 ,0 ,0 ,0 ,0 ,11 ,0 ,2.0
377 ,0 ,0 ,0 ,0 ,0 ,0 ,0 ,0 ,0 ,0 ,12 ,1 ,1.0
378 ,0 ,4 ,6 ,1 ,0 ,1 ,1 ,0 ,11 ,24 ,12 ,0 ,1.0
379 ,0 ,0 ,0 ,0 ,0 ,0 ,0 ,0 ,0 ,0 ,11 ,1 ,1.0
380 ,0 ,0 ,0 ,0 ,0 ,0 ,0 ,0 ,0 ,0 ,11 ,0 ,1.0
381 ,0 ,0 ,0 ,0 ,0 ,0 ,0 ,0 ,0 ,0 ,12 ,1 ,1.0
382 ,0 ,0 ,0 ,0 ,0 ,0 ,0 ,0 ,0 ,0 ,12 ,0 ,0.0
383 ,4 ,10 ,4 ,7 ,6 ,1 ,2 ,3 ,37 ,74 ,12 ,0 ,0.0
384 ,0 ,0 ,0 ,0 ,0 ,0 ,0 ,0 ,0 ,0 ,13 ,1 ,0.0
385 ,1 ,3 ,1 ,3 ,1 ,1 ,1 ,2 ,3 ,16 ,13 ,0 ,0.0
386 ,0 ,0 ,0 ,0 ,0 ,0 ,0 ,0 ,0 ,0 ,13 ,0 ,1.0
387 ,1 ,3 ,4 ,7 ,3 ,0 ,2 ,0 ,12 ,32 ,12 ,1 ,1.0
388 ,0 ,0 ,0 ,0 ,0 ,0 ,0 ,0 ,0 ,0 ,12 ,0 ,0.0
389 ,0 ,0 ,0 ,0 ,0 ,0 ,0 ,0 ,0 ,0 ,13 ,1 ,0.0
390 ,0 ,1 ,1 ,1 ,0 ,2 ,2 ,0 ,3 ,10 ,13 ,0 ,0.0
391 ,0 ,0 ,0 ,0 ,0 ,0 ,0 ,0 ,0 ,0 ,13 ,0 ,0.0
392 ,0 ,0 ,0 ,0 ,0 ,0 ,0 ,0 ,0 ,0 ,13 ,0 ,1.0
393 ,0 ,0 ,0 ,0 ,0 ,0 ,0 ,0 ,0 ,0 ,13 ,0 ,1.0
394 ,0 ,0 ,0 ,0 ,0 ,0 ,0 ,0 ,0 ,0 ,14 ,1 ,0.0
395 ,0 ,5 ,7 ,4 ,0 ,1 ,0 ,3 ,12 ,32 ,14 ,0 ,0.0
396 ,0 ,0 ,0 ,0 ,0 ,0 ,0 ,0 ,0 ,0 ,14 ,0 ,0.0
397 ,2 ,1 ,2 ,3 ,2 ,1 ,2 ,0 ,13 ,26 ,14 ,0 ,0.0
398 ,3 ,8 ,3 ,7 ,4 ,1 ,2 ,2 ,30 ,60 ,13 ,1 ,1.0
399 ,0 ,0 ,0 ,0 ,0 ,0 ,0 ,0 ,0 ,0 ,11 ,2 ,3.0
400 ,0 ,0 ,0 ,0 ,0 ,0 ,0 ,0 ,0 ,0 ,11 ,0 ,1.0
401 ,0 ,0 ,0 ,0 ,0 ,0 ,0 ,0 ,0 ,0 ,12 ,1 ,1.0
402 ,0 ,4 ,4 ,2 ,1 ,2 ,1 ,1 ,1 ,16 ,12 ,0 ,0.0
403 ,0 ,0 ,0 ,0 ,0 ,0 ,0 ,0 ,0 ,0 ,11 ,1 ,0.0
404 ,0 ,0 ,0 ,0 ,0 ,0 ,0 ,0 ,0 ,0 ,11 ,0 ,0.0
405 ,0 ,0 ,0 ,0 ,0 ,0 ,0 ,0 ,0 ,0 ,11 ,0 ,1.0
406 ,2 ,2 ,6 ,4 ,1 ,1 ,0 ,2 ,6 ,24 ,12 ,1 ,1.0
407 ,1 ,0 ,6 ,3 ,2 ,0 ,2 ,2 ,4 ,20 ,12 ,0 ,1.0
408 ,0 ,0 ,0 ,0 ,0 ,0 ,0 ,0 ,0 ,0 ,11 ,1 ,2.0
409 ,0 ,1 ,17 ,2 ,4 ,1 ,0 ,3 ,22 ,50 ,11 ,0 ,2.0
410 ,0 ,0 ,0 ,0 ,0 ,0 ,0 ,0 ,0 ,0 ,12 ,1 ,2.0
411 ,1 ,0 ,16 ,3 ,1 ,1 ,1 ,1 ,24 ,48 ,12 ,0 ,1.0
412 ,0 ,0 ,0 ,0 ,0 ,0 ,0 ,0 ,0 ,0 ,11 ,1 ,2.0
413 ,0 ,0 ,0 ,0 ,0 ,0 ,0 ,0 ,0 ,0 ,12 ,1 ,2.0
414 ,1 ,6 ,11 ,3 ,2 ,1 ,0 ,3 ,27 ,54 ,12 ,0 ,2.0
415 ,0 ,0 ,0 ,0 ,0 ,0 ,0 ,0 ,0 ,0 ,12 ,0 ,2.0
416 ,0 ,0 ,0 ,0 ,0 ,0 ,0 ,0 ,0 ,0 ,12 ,0 ,1.0
417 ,0 ,0 ,0 ,0 ,0 ,0 ,0 ,0 ,0 ,0 ,12 ,0 ,0.0
418 ,0 ,0 ,0 ,0 ,0 ,0 ,0 ,0 ,0 ,0 ,12 ,0 ,1.0
419 ,2 ,4 ,10 ,4 ,0 ,1 ,2 ,1 ,24 ,48 ,12 ,0 ,1.0
420 ,0 ,0 ,0 ,0 ,0 ,0 ,0 ,0 ,0 ,0 ,12 ,0 ,1.0
421 ,1 ,1 ,5 ,5 ,2 ,0 ,0 ,2 ,2 ,18 ,12 ,0 ,1.0
422 ,0 ,0 ,0 ,0 ,0 ,0 ,0 ,0 ,0 ,0 ,12 ,0 ,1.0
423 ,2 ,2 ,8 ,1 ,0 ,0 ,1 ,1 ,7 ,22 ,11 ,1 ,2.0
424 ,0 ,0 ,0 ,0 ,0 ,0 ,0 ,0 ,0 ,0 ,11 ,0 ,2.0
425 ,0 ,0 ,0 ,0 ,0 ,0 ,0 ,0 ,0 ,0 ,12 ,1 ,2.0
426 ,3 ,3 ,0 ,4 ,2 ,1 ,2 ,1 ,14 ,30 ,12 ,0 ,2.0
427 ,0 ,0 ,0 ,0 ,0 ,0 ,0 ,0 ,0 ,0 ,12 ,0 ,3.0
428 ,0 ,0 ,0 ,0 ,0 ,0 ,0 ,0 ,0 ,0 ,12 ,0 ,3.0
429 ,0 ,0 ,0 ,0 ,0 ,0 ,0 ,0 ,0 ,0 ,12 ,0 ,2.0
430 ,0 ,0 ,0 ,0 ,0 ,0 ,0 ,0 ,0 ,0 ,12 ,0 ,2.0
431 ,2 ,3 ,3 ,0 ,1 ,1 ,3 ,1 ,6 ,20 ,12 ,0 ,3.0
432 ,0 ,0 ,0 ,0 ,0 ,0 ,0 ,0 ,0 ,0 ,13 ,1 ,4.0
433 ,2 ,1 ,17 ,5 ,0 ,1 ,2 ,2 ,26 ,56 ,13 ,0 ,4.0
434 ,0 ,0 ,0 ,0 ,0 ,0 ,0 ,0 ,0 ,0 ,13 ,0 ,5.0
435 ,1 ,4 ,11 ,2 ,4 ,2 ,2 ,1 ,9 ,36 ,13 ,0 ,5.0
436 ,0 ,0 ,0 ,0 ,0 ,0 ,0 ,0 ,0 ,0 ,12 ,1 ,5.0
437 ,0 ,0 ,0 ,0 ,0 ,0 ,0 ,0 ,0 ,0 ,13 ,1 ,4.0
438 ,3 ,3 ,7 ,8 ,4 ,2 ,1 ,2 ,16 ,46 ,13 ,0 ,4.0
439 ,0 ,0 ,0 ,0 ,0 ,0 ,0 ,0 ,0 ,0 ,12 ,1 ,5.0
440 ,0 ,0 ,0 ,0 ,0 ,0 ,0 ,0 ,0 ,0 ,12 ,0 ,4.0
441 ,0 ,0 ,0 ,0 ,0 ,0 ,0 ,0 ,0 ,0 ,12 ,0 ,4.0
442 ,0 ,0 ,0 ,0 ,0 ,0 ,0 ,0 ,0 ,0 ,13 ,1 ,5.0
443 ,1 ,3 ,0 ,0 ,2 ,3 ,1 ,1 ,7 ,18 ,13 ,0 ,5.0
444 ,0 ,0 ,0 ,0 ,0 ,0 ,0 ,0 ,0 ,0 ,12 ,1 ,5.0
445 ,3 ,2 ,11 ,10 ,3 ,2 ,1 ,2 ,12 ,46 ,12 ,0 ,5.0
446 ,0 ,0 ,0 ,0 ,0 ,0 ,0 ,0 ,0 ,0 ,12 ,0 ,6.0
447 ,0 ,0 ,0 ,0 ,0 ,0 ,0 ,0 ,0 ,0 ,12 ,0 ,5.0
448 ,1 ,5 ,3 ,2 ,4 ,2 ,2 ,0 ,13 ,32 ,12 ,0 ,4.0
449 ,0 ,0 ,0 ,0 ,0 ,0 ,0 ,0 ,0 ,0 ,12 ,0 ,3.0
450 ,2 ,4 ,14 ,3 ,2 ,2 ,1 ,1 ,29 ,58 ,12 ,0 ,3.0
451 ,0 ,0 ,0 ,0 ,0 ,0 ,0 ,0 ,0 ,0 ,12 ,0 ,3.0
452 ,0 ,0 ,0 ,0 ,0 ,0 ,0 ,0 ,0 ,0 ,12 ,0 ,2.0
453 ,0 ,0 ,0 ,0 ,0 ,0 ,0 ,0 ,0 ,0 ,12 ,0 ,1.0
454 ,0 ,0 ,0 ,0 ,0 ,0 ,0 ,0 ,0 ,0 ,12 ,0 ,1.0
455 ,1 ,3 ,1 ,1 ,0 ,1 ,0 ,0 ,7 ,14 ,12 ,0 ,1.0
456 ,0 ,0 ,0 ,0 ,0 ,0 ,0 ,0 ,0 ,0 ,12 ,0 ,2.0
457 ,3 ,12 ,14 ,1 ,2 ,1 ,3 ,4 ,38 ,78 ,12 ,0 ,2.0
458 ,0 ,0 ,0 ,0 ,0 ,0 ,0 ,0 ,0 ,0 ,11 ,1 ,1.0
459 ,4 ,2 ,6 ,5 ,4 ,3 ,0 ,1 ,13 ,38 ,11 ,0 ,1.0
460 ,0 ,0 ,0 ,0 ,0 ,0 ,0 ,0 ,0 ,0 ,10 ,1 ,2.0
461 ,0 ,0 ,0 ,0 ,0 ,0 ,0 ,0 ,0 ,0 ,11 ,1 ,3.0
462 ,3 ,7 ,13 ,1 ,1 ,3 ,2 ,2 ,32 ,64 ,11 ,0 ,2.0
463 ,0 ,0 ,0 ,0 ,0 ,0 ,0 ,0 ,0 ,0 ,10 ,1 ,2.0
464 ,0 ,0 ,0 ,0 ,0 ,0 ,0 ,0 ,0 ,0 ,10 ,0 ,2.0
465 ,0 ,0 ,0 ,0 ,0 ,0 ,0 ,0 ,0 ,0 ,10 ,0 ,2.0
466 ,0 ,0 ,0 ,0 ,0 ,0 ,0 ,0 ,0 ,0 ,11 ,1 ,2.0
467 ,0 ,4 ,14 ,0 ,2 ,1 ,1 ,1 ,17 ,40 ,11 ,0 ,2.0
468 ,0 ,0 ,0 ,0 ,0 ,0 ,0 ,0 ,0 ,0 ,10 ,1 ,1.0
469 ,0 ,0 ,0 ,0 ,0 ,0 ,0 ,0 ,0 ,0 ,10 ,0 ,1.0
470 ,0 ,0 ,0 ,0 ,0 ,0 ,0 ,0 ,0 ,0 ,10 ,0 ,1.0
471 ,0 ,2 ,3 ,8 ,2 ,0 ,2 ,0 ,7 ,24 ,10 ,0 ,1.0
472 ,0 ,0 ,0 ,0 ,0 ,0 ,0 ,0 ,0 ,0 ,10 ,0 ,1.0
473 ,0 ,0 ,0 ,0 ,0 ,0 ,0 ,0 ,0 ,0 ,10 ,0 ,0.0
474 ,1 ,3 ,11 ,2 ,2 ,0 ,0 ,1 ,18 ,38 ,10 ,0 ,0.0
475 ,0 ,0 ,0 ,0 ,0 ,0 ,0 ,0 ,0 ,0 ,9 ,1 ,1.0
476 ,0 ,0 ,0 ,0 ,0 ,0 ,0 ,0 ,0 ,0 ,9 ,0 ,0.0
477 ,0 ,0 ,0 ,0 ,0 ,0 ,0 ,0 ,0 ,0 ,9 ,0 ,0.0
478 ,0 ,0 ,0 ,0 ,0 ,0 ,0 ,0 ,0 ,0 ,9 ,0 ,1.0
479 ,2 ,2 ,1 ,2 ,0 ,1 ,2 ,2 ,10 ,22 ,9 ,0 ,1.0
480 ,0 ,0 ,0 ,0 ,0 ,0 ,0 ,0 ,0 ,0 ,9 ,0 ,0.0
481 ,0 ,0 ,0 ,0 ,0 ,0 ,0 ,0 ,0 ,0 ,9 ,0 ,0.0
482 ,0 ,0 ,0 ,0 ,0 ,0 ,0 ,0 ,0 ,0 ,8 ,1 ,2.0
483 ,3 ,1 ,0 ,3 ,5 ,0 ,0 ,1 ,13 ,26 ,8 ,0 ,1.0
484 ,0 ,0 ,0 ,0 ,0 ,0 ,0 ,0 ,0 ,0 ,8 ,0 ,1.0
485 ,0 ,0 ,0 ,0 ,0 ,0 ,0 ,0 ,0 ,0 ,8 ,0 ,1.0
486 ,1 ,3 ,16 ,2 ,2 ,2 ,2 ,0 ,18 ,46 ,8 ,0 ,0.0
487 ,0 ,0 ,0 ,0 ,0 ,0 ,0 ,0 ,0 ,0 ,8 ,0 ,1.0
488 ,0 ,0 ,0 ,0 ,0 ,0 ,0 ,0 ,0 ,0 ,8 ,0 ,1.0
489 ,0 ,0 ,0 ,0 ,0 ,0 ,0 ,0 ,0 ,0 ,8 ,0 ,0.0
490 ,0 ,0 ,0 ,0 ,0 ,0 ,0 ,0 ,0 ,0 ,9 ,1 ,1.0
491 ,2 ,2 ,0 ,0 ,1 ,1 ,0 ,1 ,7 ,14 ,9 ,0 ,1.0
492 ,0 ,0 ,0 ,0 ,0 ,0 ,0 ,0 ,0 ,0 ,8 ,1 ,1.0
493 ,0 ,0 ,0 ,0 ,0 ,0 ,0 ,0 ,0 ,0 ,8 ,0 ,1.0
494 ,0 ,0 ,0 ,0 ,0 ,0 ,0 ,0 ,0 ,0 ,9 ,1 ,0.0
495 ,1 ,3 ,1 ,1 ,0 ,0 ,2 ,0 ,6 ,14 ,9 ,0 ,0.0
496 ,0 ,0 ,0 ,0 ,0 ,0 ,0 ,0 ,0 ,0 ,8 ,1 ,0.0
497 ,0 ,0 ,0 ,0 ,0 ,0 ,0 ,0 ,0 ,0 ,9 ,1 ,1.0
498 ,1 ,6 ,3 ,0 ,3 ,1 ,2 ,0 ,16 ,32 ,9 ,0 ,1.0
499 ,0 ,0 ,0 ,0 ,0 ,0 ,0 ,0 ,0 ,0 ,8 ,1 ,0.0
500 ,0 ,0 ,0 ,0 ,0 ,0 ,0 ,0 ,0 ,0 ,8 ,0 ,1.0
501 ,0 ,0 ,0 ,0 ,0 ,0 ,0 ,0 ,0 ,0 ,9 ,1 ,0.0
502 ,0 ,0 ,0 ,0 ,0 ,0 ,0 ,0 ,0 ,0 ,10 ,1 ,1.0
503 ,1 ,0 ,12 ,0 ,1 ,1 ,1 ,2 ,18 ,36 ,10 ,0 ,1.0
504 ,0 ,0 ,0 ,0 ,0 ,0 ,0 ,0 ,0 ,0 ,10 ,0 ,0.0
505 ,0 ,0 ,0 ,0 ,0 ,0 ,0 ,0 ,0 ,0 ,10 ,0 ,0.0
506 ,0 ,0 ,0 ,0 ,0 ,0 ,0 ,0 ,0 ,0 ,10 ,0 ,0.0
507 ,0 ,4 ,17 ,4 ,0 ,3 ,2 ,1 ,19 ,50 ,10 ,0 ,0.0
508 ,0 ,0 ,0 ,0 ,0 ,0 ,0 ,0 ,0 ,0 ,10 ,0 ,1.0
509 ,0 ,0 ,0 ,0 ,0 ,0 ,0 ,0 ,0 ,0 ,10 ,0 ,1.0
510 ,0 ,2 ,10 ,2 ,2 ,3 ,0 ,1 ,16 ,36 ,10 ,0 ,2.0
511 ,0 ,0 ,0 ,0 ,0 ,0 ,0 ,0 ,0 ,0 ,9 ,1 ,1.0
512 ,2 ,0 ,0 ,4 ,0 ,2 ,2 ,2 ,12 ,24 ,9 ,0 ,2.0
513 ,0 ,0 ,0 ,0 ,0 ,0 ,0 ,0 ,0 ,0 ,10 ,1 ,2.0
514 ,2 ,2 ,8 ,0 ,2 ,1 ,0 ,0 ,1 ,16 ,10 ,0 ,1.0
515 ,4 ,3 ,8 ,4 ,4 ,2 ,1 ,2 ,28 ,56 ,10 ,0 ,1.0
516 ,0 ,0 ,0 ,0 ,0 ,0 ,0 ,0 ,0 ,0 ,10 ,0 ,1.0
517 ,0 ,0 ,0 ,0 ,0 ,0 ,0 ,0 ,0 ,0 ,10 ,0 ,1.0
518 ,0 ,0 ,0 ,0 ,0 ,0 ,0 ,0 ,0 ,0 ,11 ,1 ,2.0
519 ,2 ,0 ,4 ,7 ,1 ,0 ,0 ,2 ,2 ,18 ,11 ,0 ,2.0
520 ,0 ,0 ,0 ,0 ,0 ,0 ,0 ,0 ,0 ,0 ,11 ,0 ,2.0
521 ,0 ,0 ,0 ,0 ,0 ,0 ,0 ,0 ,0 ,0 ,11 ,0 ,2.0
522 ,1 ,5 ,5 ,7 ,3 ,2 ,0 ,1 ,14 ,38 ,11 ,0 ,2.0
523 ,0 ,0 ,0 ,0 ,0 ,0 ,0 ,0 ,0 ,0 ,11 ,0 ,2.0
524 ,0 ,3 ,3 ,2 ,0 ,1 ,0 ,1 ,8 ,18 ,11 ,0 ,2.0
525 ,0 ,0 ,0 ,0 ,0 ,0 ,0 ,0 ,0 ,0 ,11 ,0 ,3.0
526 ,0 ,3 ,5 ,0 ,3 ,1 ,2 ,1 ,1 ,16 ,12 ,1 ,2.0
527 ,1 ,5 ,11 ,7 ,4 ,1 ,1 ,3 ,33 ,66 ,12 ,0 ,2.0
528 ,0 ,0 ,0 ,0 ,0 ,0 ,0 ,0 ,0 ,0 ,11 ,1 ,3.0
529 ,0 ,0 ,0 ,0 ,0 ,0 ,0 ,0 ,0 ,0 ,11 ,0 ,3.0
530 ,0 ,0 ,0 ,0 ,0 ,0 ,0 ,0 ,0 ,0 ,12 ,1 ,2.0
531 ,0 ,3 ,6 ,3 ,0 ,0 ,1 ,0 ,7 ,20 ,12 ,0 ,2.0
532 ,0 ,0 ,0 ,0 ,0 ,0 ,0 ,0 ,0 ,0 ,11 ,1 ,3.0
533 ,0 ,0 ,0 ,0 ,0 ,0 ,0 ,0 ,0 ,0 ,12 ,1 ,2.0
534 ,2 ,0 ,1 ,1 ,1 ,2 ,2 ,1 ,2 ,12 ,12 ,0 ,2.0
535 ,1 ,2 ,4 ,1 ,2 ,3 ,3 ,1 ,1 ,18 ,12 ,0 ,2.0
536 ,0 ,0 ,0 ,0 ,0 ,0 ,0 ,0 ,0 ,0 ,12 ,0 ,2.0
537 ,0 ,0 ,0 ,0 ,0 ,0 ,0 ,0 ,0 ,0 ,12 ,0 ,2.0
538 ,2 ,2 ,13 ,0 ,0 ,0 ,1 ,1 ,17 ,36 ,12 ,0 ,2.0
539 ,0 ,1 ,12 ,1 ,0 ,1 ,0 ,0 ,13 ,28 ,12 ,0 ,2.0
540 ,0 ,0 ,0 ,0 ,0 ,0 ,0 ,0 ,0 ,0 ,11 ,1 ,1.0
541 ,0 ,0 ,0 ,0 ,0 ,0 ,0 ,0 ,0 ,0 ,11 ,0 ,1.0
542 ,0 ,0 ,0 ,0 ,0 ,0 ,0 ,0 ,0 ,0 ,12 ,1 ,1.0
543 ,0 ,0 ,18 ,6 ,2 ,0 ,1 ,1 ,8 ,36 ,12 ,0 ,1.0
544 ,0 ,0 ,0 ,0 ,0 ,0 ,0 ,0 ,0 ,0 ,12 ,0 ,0.0
545 ,0 ,0 ,0 ,0 ,0 ,0 ,0 ,0 ,0 ,0 ,12 ,0 ,1.0
546 ,4 ,4 ,2 ,2 ,1 ,0 ,3 ,0 ,12 ,28 ,12 ,0 ,2.0
547 ,0 ,0 ,0 ,0 ,0 ,0 ,0 ,0 ,0 ,0 ,13 ,1 ,0.0
548 ,0 ,1 ,3 ,2 ,1 ,2 ,0 ,1 ,10 ,20 ,13 ,0 ,1.0
549 ,0 ,0 ,0 ,0 ,0 ,0 ,0 ,0 ,0 ,0 ,12 ,1 ,2.0
550 ,0 ,0 ,0 ,0 ,0 ,0 ,0 ,0 ,0 ,0 ,13 ,1 ,2.0
551 ,1 ,4 ,8 ,2 ,0 ,2 ,3 ,2 ,22 ,44 ,12 ,1 ,1.0
552 ,0 ,0 ,0 ,0 ,0 ,0 ,0 ,0 ,0 ,0 ,11 ,1 ,0.0
553 ,0 ,0 ,0 ,0 ,0 ,0 ,0 ,0 ,0 ,0 ,11 ,0 ,0.0
554 ,0 ,0 ,0 ,0 ,0 ,0 ,0 ,0 ,0 ,0 ,12 ,1 ,1.0
555 ,2 ,1 ,9 ,1 ,1 ,2 ,1 ,0 ,5 ,22 ,12 ,0 ,0.0
556 ,0 ,0 ,0 ,0 ,0 ,0 ,0 ,0 ,0 ,0 ,12 ,0 ,0.0
557 ,0 ,0 ,0 ,0 ,0 ,0 ,0 ,0 ,0 ,0 ,12 ,0 ,0.0
558 ,4 ,5 ,21 ,7 ,2 ,3 ,3 ,3 ,48 ,96 ,12 ,0 ,0.0
559 ,0 ,0 ,0 ,0 ,0 ,0 ,0 ,0 ,0 ,0 ,12 ,0 ,0.0
560 ,2 ,1 ,9 ,1 ,1 ,0 ,1 ,0 ,7 ,22 ,12 ,0 ,0.0
561 ,0 ,0 ,0 ,0 ,0 ,0 ,0 ,0 ,0 ,0 ,12 ,0 ,1.0
562 ,0 ,0 ,0 ,0 ,0 ,0 ,0 ,0 ,0 ,0 ,13 ,1 ,0.0
563 ,1 ,1 ,4 ,3 ,1 ,0 ,0 ,0 ,6 ,16 ,12 ,1 ,1.0
564 ,0 ,0 ,0 ,0 ,0 ,0 ,0 ,0 ,0 ,0 ,11 ,1 ,1.0
565 ,0 ,0 ,0 ,0 ,0 ,0 ,0 ,0 ,0 ,0 ,11 ,0 ,1.0
566 ,0 ,0 ,0 ,0 ,0 ,0 ,0 ,0 ,0 ,0 ,12 ,1 ,0.0
567 ,6 ,13 ,3 ,2 ,2 ,2 ,4 ,2 ,34 ,68 ,12 ,0 ,0.0
568 ,0 ,0 ,0 ,0 ,0 ,0 ,0 ,0 ,0 ,0 ,12 ,0 ,1.0
569 ,0 ,0 ,0 ,0 ,0 ,0 ,0 ,0 ,0 ,0 ,12 ,0 ,1.0
570 ,1 ,1 ,6 ,1 ,0 ,0 ,0 ,1 ,8 ,18 ,12 ,0 ,1.0
571 ,0 ,0 ,0 ,0 ,0 ,0 ,0 ,0 ,0 ,0 ,12 ,0 ,1.0
572 ,0 ,6 ,29 ,2 ,1 ,4 ,0 ,0 ,32 ,74 ,12 ,0 ,1.0
573 ,0 ,0 ,0 ,0 ,0 ,0 ,0 ,0 ,0 ,0 ,12 ,0 ,0.0
574 ,0 ,0 ,0 ,0 ,0 ,0 ,0 ,0 ,0 ,0 ,12 ,0 ,1.0
575 ,0 ,4 ,8 ,1 ,0 ,1 ,1 ,1 ,6 ,22 ,12 ,0 ,1.0
576 ,0 ,0 ,0 ,0 ,0 ,0 ,0 ,0 ,0 ,0 ,11 ,1 ,1.0
577 ,0 ,0 ,0 ,0 ,0 ,0 ,0 ,0 ,0 ,0 ,11 ,0 ,1.0
578 ,0 ,0 ,0 ,0 ,0 ,0 ,0 ,0 ,0 ,0 ,12 ,1 ,0.0
579 ,2 ,1 ,10 ,3 ,2 ,0 ,2 ,2 ,22 ,44 ,12 ,0 ,0.0
580 ,0 ,0 ,0 ,0 ,0 ,0 ,0 ,0 ,0 ,0 ,11 ,1 ,1.0
581 ,0 ,0 ,0 ,0 ,0 ,0 ,0 ,0 ,0 ,0 ,11 ,0 ,1.0
582 ,2 ,3 ,3 ,4 ,0 ,0 ,1 ,0 ,1 ,14 ,11 ,0 ,0.0
583 ,0 ,0 ,0 ,0 ,0 ,0 ,0 ,0 ,0 ,0 ,10 ,1 ,1.0
584 ,0 ,0 ,0 ,0 ,0 ,0 ,0 ,0 ,0 ,0 ,10 ,0 ,1.0
585 ,1 ,0 ,9 ,1 ,2 ,3 ,2 ,2 ,18 ,38 ,10 ,0 ,1.0
586 ,0 ,0 ,0 ,0 ,0 ,0 ,0 ,0 ,0 ,0 ,10 ,0 ,2.0
587 ,1 ,3 ,3 ,10 ,2 ,0 ,0 ,0 ,7 ,26 ,10 ,0 ,2.0
588 ,0 ,0 ,0 ,0 ,0 ,0 ,0 ,0 ,0 ,0 ,10 ,0 ,1.0
589 ,0 ,0 ,0 ,0 ,0 ,0 ,0 ,0 ,0 ,0 ,10 ,0 ,1.0
590 ,0 ,0 ,0 ,0 ,0 ,0 ,0 ,0 ,0 ,0 ,10 ,0 ,0.0
591 ,2 ,4 ,6 ,8 ,4 ,1 ,1 ,1 ,27 ,54 ,10 ,0 ,0.0
592 ,0 ,0 ,0 ,0 ,0 ,0 ,0 ,0 ,0 ,0 ,9 ,1 ,0.0
593 ,0 ,0 ,0 ,0 ,0 ,0 ,0 ,0 ,0 ,0 ,9 ,0 ,1.0
594 ,1 ,1 ,7 ,6 ,1 ,2 ,0 ,1 ,9 ,28 ,9 ,0 ,1.0
595 ,0 ,0 ,0 ,0 ,0 ,0 ,0 ,0 ,0 ,0 ,10 ,1 ,0.0
596 ,0 ,2 ,7 ,2 ,0 ,1 ,0 ,2 ,6 ,20 ,10 ,0 ,0.0
597 ,0 ,0 ,0 ,0 ,0 ,0 ,0 ,0 ,0 ,0 ,9 ,1 ,1.0
598 ,0 ,0 ,0 ,0 ,0 ,0 ,0 ,0 ,0 ,0 ,10 ,1 ,2.0
599 ,1 ,3 ,1 ,0 ,3 ,0 ,0 ,1 ,1 ,10 ,10 ,0 ,1.0
600 ,0 ,0 ,0 ,0 ,0 ,0 ,0 ,0 ,0 ,0 ,10 ,0 ,1.0
601 ,0 ,0 ,0 ,0 ,0 ,0 ,0 ,0 ,0 ,0 ,10 ,0 ,0.0
602 ,0 ,0 ,0 ,0 ,0 ,0 ,0 ,0 ,0 ,0 ,10 ,0 ,0.0
603 ,2 ,4 ,6 ,1 ,1 ,0 ,1 ,2 ,15 ,32 ,10 ,0 ,0.0
604 ,0 ,0 ,0 ,0 ,0 ,0 ,0 ,0 ,0 ,0 ,9 ,1 ,1.0
605 ,0 ,0 ,0 ,0 ,0 ,0 ,0 ,0 ,0 ,0 ,10 ,1 ,1.0
606 ,0 ,0 ,0 ,0 ,0 ,0 ,0 ,0 ,0 ,0 ,10 ,0 ,1.0
607 ,0 ,0 ,0 ,0 ,0 ,0 ,0 ,0 ,0 ,0 ,10 ,0 ,1.0
608 ,2 ,1 ,5 ,8 ,3 ,3 ,2 ,1 ,13 ,38 ,10 ,0 ,1.0
609 ,0 ,0 ,0 ,0 ,0 ,0 ,0 ,0 ,0 ,0 ,10 ,0 ,1.0
610 ,0 ,0 ,0 ,0 ,0 ,0 ,0 ,0 ,0 ,0 ,10 ,0 ,1.0
611 ,1 ,1 ,14 ,0 ,0 ,1 ,1 ,0 ,14 ,32 ,10 ,0 ,1.0
612 ,0 ,0 ,0 ,0 ,0 ,0 ,0 ,0 ,0 ,0 ,9 ,1 ,1.0
613 ,0 ,0 ,0 ,0 ,0 ,0 ,0 ,0 ,0 ,0 ,9 ,0 ,0.0
614 ,0 ,0 ,0 ,0 ,0 ,0 ,0 ,0 ,0 ,0 ,11 ,2 ,0.0
615 ,1 ,0 ,0 ,4 ,1 ,0 ,0 ,1 ,7 ,14 ,11 ,0 ,0.0
616 ,0 ,0 ,0 ,0 ,0 ,0 ,0 ,0 ,0 ,0 ,10 ,1 ,1.0
617 ,0 ,0 ,0 ,0 ,0 ,0 ,0 ,0 ,0 ,0 ,10 ,0 ,1.0
618 ,0 ,3 ,7 ,3 ,1 ,0 ,0 ,1 ,15 ,30 ,10 ,0 ,1.0
619 ,0 ,0 ,0 ,0 ,0 ,0 ,0 ,0 ,0 ,0 ,10 ,0 ,1.0
620 ,1 ,3 ,10 ,5 ,2 ,2 ,1 ,2 ,24 ,50 ,10 ,0 ,1.0
621 ,0 ,0 ,0 ,0 ,0 ,0 ,0 ,0 ,0 ,0 ,10 ,0 ,1.0
622 ,0 ,0 ,0 ,0 ,0 ,0 ,0 ,0 ,0 ,0 ,10 ,0 ,1.0
623 ,1 ,3 ,26 ,4 ,2 ,1 ,1 ,0 ,38 ,76 ,11 ,1 ,2.0
624 ,0 ,0 ,0 ,0 ,0 ,0 ,0 ,0 ,0 ,0 ,10 ,1 ,1.0
625 ,0 ,0 ,0 ,0 ,0 ,0 ,0 ,0 ,0 ,0 ,10 ,0 ,1.0
626 ,0 ,0 ,0 ,0 ,0 ,0 ,0 ,0 ,0 ,0 ,11 ,1 ,1.0
627 ,2 ,2 ,1 ,1 ,1 ,0 ,3 ,2 ,10 ,22 ,11 ,0 ,1.0
628 ,0 ,0 ,0 ,0 ,0 ,0 ,0 ,0 ,0 ,0 ,11 ,0 ,1.0
629 ,0 ,0 ,0 ,0 ,0 ,0 ,0 ,0 ,0 ,0 ,11 ,0 ,2.0
630 ,3 ,3 ,6 ,2 ,3 ,2 ,2 ,1 ,22 ,44 ,11 ,0 ,1.0
631 ,0 ,0 ,0 ,0 ,0 ,0 ,0 ,0 ,0 ,0 ,11 ,0 ,0.0
632 ,0 ,0 ,1 ,5 ,3 ,2 ,1 ,1 ,7 ,20 ,11 ,0 ,0.0
633 ,0 ,0 ,0 ,0 ,0 ,0 ,0 ,0 ,0 ,0 ,11 ,0 ,2.0
634 ,0 ,0 ,0 ,0 ,0 ,0 ,0 ,0 ,0 ,0 ,11 ,0 ,1.0
635 ,0 ,1 ,7 ,4 ,1 ,0 ,2 ,1 ,10 ,26 ,11 ,0 ,1.0
636 ,0 ,0 ,0 ,0 ,0 ,0 ,0 ,0 ,0 ,0 ,10 ,1 ,2.0
637 ,0 ,0 ,0 ,0 ,0 ,0 ,0 ,0 ,0 ,0 ,10 ,0 ,2.0
638 ,0 ,0 ,0 ,0 ,0 ,0 ,0 ,0 ,0 ,0 ,11 ,1 ,1.0
639 ,0 ,5 ,20 ,9 ,2 ,0 ,0 ,1 ,31 ,68 ,11 ,0 ,1.0
640 ,0 ,0 ,0 ,0 ,0 ,0 ,0 ,0 ,0 ,0 ,11 ,0 ,2.0
641 ,0 ,0 ,0 ,0 ,0 ,0 ,0 ,0 ,0 ,0 ,11 ,0 ,3.0
642 ,2 ,3 ,5 ,8 ,1 ,0 ,1 ,2 ,4 ,26 ,12 ,1 ,3.0
643 ,0 ,0 ,0 ,0 ,0 ,0 ,0 ,0 ,0 ,0 ,11 ,1 ,3.0
644 ,0 ,0 ,3 ,4 ,3 ,1 ,1 ,1 ,9 ,22 ,11 ,0 ,3.0
645 ,0 ,0 ,0 ,0 ,0 ,0 ,0 ,0 ,0 ,0 ,12 ,1 ,2.0
646 ,0 ,0 ,0 ,0 ,0 ,0 ,0 ,0 ,0 ,0 ,12 ,0 ,2.0
647 ,0 ,1 ,5 ,0 ,3 ,1 ,0 ,2 ,12 ,24 ,12 ,0 ,2.0
648 ,0 ,2 ,2 ,2 ,1 ,0 ,2 ,0 ,9 ,18 ,11 ,1 ,2.0
649 ,0 ,0 ,0 ,0 ,0 ,0 ,0 ,0 ,0 ,0 ,11 ,0 ,2.0
650 ,0 ,0 ,0 ,0 ,0 ,0 ,0 ,0 ,0 ,0 ,12 ,1 ,1.0
651 ,4 ,3 ,8 ,5 ,1 ,1 ,0 ,1 ,23 ,46 ,12 ,0 ,1.0
652 ,0 ,0 ,0 ,0 ,0 ,0 ,0 ,0 ,0 ,0 ,11 ,1 ,1.0
653 ,0 ,0 ,0 ,0 ,0 ,0 ,0 ,0 ,0 ,0 ,11 ,0 ,2.0
654 ,1 ,0 ,3 ,1 ,3 ,1 ,1 ,3 ,7 ,20 ,11 ,0 ,3.0
655 ,0 ,0 ,0 ,0 ,0 ,0 ,0 ,0 ,0 ,0 ,11 ,0 ,1.0
656 ,2 ,2 ,7 ,0 ,2 ,1 ,2 ,2 ,4 ,22 ,11 ,0 ,1.0
657 ,0 ,0 ,0 ,0 ,0 ,0 ,0 ,0 ,0 ,0 ,11 ,0 ,1.0
658 ,0 ,0 ,0 ,0 ,0 ,0 ,0 ,0 ,0 ,0 ,11 ,0 ,1.0
659 ,0 ,0 ,8 ,3 ,0 ,2 ,1 ,0 ,4 ,18 ,11 ,0 ,1.0
660 ,0 ,0 ,0 ,0 ,0 ,0 ,0 ,0 ,0 ,0 ,11 ,0 ,1.0
661 ,0 ,0 ,0 ,0 ,0 ,0 ,0 ,0 ,0 ,0 ,11 ,0 ,1.0
662 ,0 ,0 ,0 ,0 ,0 ,0 ,0 ,0 ,0 ,0 ,12 ,1 ,1.0
663 ,1 ,4 ,3 ,2 ,1 ,1 ,3 ,1 ,16 ,32 ,12 ,0 ,1.0
664 ,0 ,0 ,0 ,0 ,0 ,0 ,0 ,0 ,0 ,0 ,11 ,1 ,1.0
665 ,0 ,0 ,0 ,0 ,0 ,0 ,0 ,0 ,0 ,0 ,11 ,0 ,1.0
666 ,0 ,0 ,0 ,0 ,0 ,0 ,0 ,0 ,0 ,0 ,11 ,0 ,0.0
667 ,2 ,5 ,10 ,1 ,1 ,1 ,1 ,1 ,18 ,40 ,11 ,0 ,1.0
668 ,1 ,3 ,1 ,1 ,0 ,2 ,1 ,2 ,9 ,20 ,11 ,0 ,1.0
669 ,0 ,0 ,0 ,0 ,0 ,0 ,0 ,0 ,0 ,0 ,11 ,0 ,1.0
670 ,2 ,7 ,24 ,2 ,1 ,0 ,2 ,2 ,40 ,80 ,11 ,0 ,1.0
671 ,0 ,0 ,0 ,0 ,0 ,0 ,0 ,0 ,0 ,0 ,11 ,0 ,1.0
672 ,1 ,1 ,2 ,1 ,1 ,0 ,2 ,3 ,11 ,22 ,11 ,0 ,1.0
673 ,0 ,0 ,0 ,0 ,0 ,0 ,0 ,0 ,0 ,0 ,10 ,1 ,0.0
674 ,0 ,0 ,0 ,0 ,0 ,0 ,0 ,0 ,0 ,0 ,11 ,1 ,0.0
675 ,0 ,2 ,9 ,5 ,2 ,1 ,0 ,0 ,15 ,34 ,11 ,0 ,0.0
676 ,0 ,0 ,0 ,0 ,0 ,0 ,0 ,0 ,0 ,0 ,10 ,1 ,1.0
677 ,0 ,0 ,0 ,0 ,0 ,0 ,0 ,0 ,0 ,0 ,10 ,0 ,1.0
678 ,0 ,0 ,0 ,0 ,0 ,0 ,0 ,0 ,0 ,0 ,11 ,1 ,1.0
679 ,0 ,2 ,3 ,4 ,0 ,0 ,0 ,2 ,1 ,12 ,10 ,1 ,1.0
680 ,1 ,2 ,4 ,0 ,1 ,3 ,1 ,1 ,5 ,18 ,10 ,0 ,1.0
681 ,0 ,0 ,0 ,0 ,0 ,0 ,0 ,0 ,0 ,0 ,11 ,1 ,0.0
682 ,1 ,2 ,2 ,3 ,3 ,3 ,2 ,1 ,17 ,34 ,11 ,0 ,0.0
683 ,0 ,0 ,0 ,0 ,0 ,0 ,0 ,0 ,0 ,0 ,12 ,1 ,2.0
684 ,1 ,2 ,0 ,3 ,1 ,1 ,0 ,1 ,5 ,14 ,11 ,1 ,1.0
685 ,0 ,0 ,0 ,0 ,0 ,0 ,0 ,0 ,0 ,0 ,11 ,0 ,1.0
686 ,0 ,0 ,0 ,0 ,0 ,0 ,0 ,0 ,0 ,0 ,12 ,1 ,0.0
687 ,1 ,3 ,11 ,3 ,3 ,4 ,0 ,0 ,25 ,50 ,12 ,0 ,0.0
688 ,0 ,0 ,0 ,0 ,0 ,0 ,0 ,0 ,0 ,0 ,11 ,1 ,1.0
689 ,0 ,0 ,0 ,0 ,0 ,0 ,0 ,0 ,0 ,0 ,11 ,0 ,1.0
690 ,0 ,0 ,0 ,0 ,0 ,0 ,0 ,0 ,0 ,0 ,12 ,1 ,0.0
691 ,0 ,0 ,0 ,0 ,0 ,0 ,0 ,0 ,0 ,0 ,13 ,1 ,0.0
692 ,0 ,2 ,5 ,1 ,2 ,0 ,0 ,3 ,11 ,24 ,12 ,1 ,1.0
693 ,0 ,0 ,0 ,0 ,0 ,0 ,0 ,0 ,0 ,0 ,12 ,0 ,0.0
694 ,1 ,6 ,2 ,2 ,3 ,1 ,1 ,1 ,17 ,34 ,12 ,0 ,0.0
695 ,0 ,0 ,0 ,0 ,0 ,0 ,0 ,0 ,0 ,0 ,12 ,0 ,2.0
696 ,2 ,2 ,2 ,4 ,1 ,1 ,1 ,0 ,7 ,20 ,12 ,0 ,2.0
697 ,0 ,0 ,0 ,0 ,0 ,0 ,0 ,0 ,0 ,0 ,11 ,1 ,2.0
698 ,0 ,0 ,0 ,0 ,0 ,0 ,0 ,0 ,0 ,0 ,12 ,1 ,2.0
699 ,3 ,4 ,6 ,4 ,4 ,0 ,1 ,2 ,24 ,48 ,12 ,0 ,2.0
700 ,0 ,0 ,0 ,0 ,0 ,0 ,0 ,0 ,0 ,0 ,11 ,1 ,3.0
701 ,0 ,0 ,0 ,0 ,0 ,0 ,0 ,0 ,0 ,0 ,11 ,0 ,2.0
702 ,0 ,0 ,0 ,0 ,0 ,0 ,0 ,0 ,0 ,0 ,11 ,0 ,1.0
703 ,0 ,3 ,0 ,1 ,1 ,0 ,2 ,1 ,0 ,8 ,12 ,1 ,2.0
704 ,0 ,0 ,0 ,1 ,2 ,1 ,1 ,0 ,5 ,10 ,12 ,0 ,2.0
705 ,0 ,0 ,0 ,0 ,0 ,0 ,0 ,0 ,0 ,0 ,11 ,1 ,1.0
706 ,1 ,2 ,14 ,0 ,1 ,1 ,0 ,1 ,14 ,34 ,11 ,0 ,1.0
707 ,0 ,0 ,0 ,0 ,0 ,0 ,0 ,0 ,0 ,0 ,11 ,0 ,2.0
708 ,2 ,4 ,13 ,3 ,5 ,1 ,1 ,1 ,28 ,58 ,11 ,0 ,1.0
709 ,0 ,0 ,0 ,0 ,0 ,0 ,0 ,0 ,0 ,0 ,11 ,0 ,1.0
710 ,0 ,0 ,0 ,0 ,0 ,0 ,0 ,0 ,0 ,0 ,11 ,0 ,1.0
711 ,1 ,1 ,6 ,1 ,0 ,1 ,1 ,1 ,0 ,12 ,11 ,0 ,1.0
712 ,0 ,0 ,0 ,0 ,0 ,0 ,0 ,0 ,0 ,0 ,10 ,1 ,2.0
713 ,0 ,0 ,0 ,0 ,0 ,0 ,0 ,0 ,0 ,0 ,10 ,0 ,2.0
714 ,0 ,0 ,0 ,0 ,0 ,0 ,0 ,0 ,0 ,0 ,10 ,0 ,1.0
715 ,3 ,7 ,6 ,5 ,5 ,2 ,1 ,2 ,31 ,62 ,10 ,0 ,0.0
716 ,2 ,1 ,3 ,2 ,2 ,1 ,2 ,1 ,8 ,22 ,10 ,0 ,0.0
717 ,0 ,0 ,0 ,0 ,0 ,0 ,0 ,0 ,0 ,0 ,11 ,1 ,0.0
718 ,1 ,3 ,16 ,2 ,0 ,2 ,1 ,1 ,16 ,42 ,11 ,0 ,0.0
719 ,0 ,0 ,0 ,0 ,0 ,0 ,0 ,0 ,0 ,0 ,11 ,0 ,1.0
720 ,1 ,5 ,10 ,5 ,2 ,1 ,2 ,0 ,24 ,50 ,11 ,0 ,0.0
721 ,0 ,0 ,0 ,0 ,0 ,0 ,0 ,0 ,0 ,0 ,11 ,0 ,0.0
722 ,0 ,0 ,0 ,0 ,0 ,0 ,0 ,0 ,0 ,0 ,11 ,0 ,0.0
723 ,0 ,2 ,6 ,7 ,1 ,2 ,1 ,1 ,14 ,34 ,11 ,0 ,1.0
724 ,0 ,0 ,0 ,0 ,0 ,0 ,0 ,0 ,0 ,0 ,10 ,1 ,0.0
725 ,0 ,0 ,0 ,0 ,0 ,0 ,0 ,0 ,0 ,0 ,10 ,0 ,1.0
726 ,0 ,0 ,0 ,0 ,0 ,0 ,0 ,0 ,0 ,0 ,10 ,0 ,2.0
727 ,0 ,0 ,0 ,0 ,0 ,0 ,0 ,0 ,0 ,0 ,10 ,0 ,2.0
728 ,0 ,1 ,4 ,3 ,2 ,4 ,3 ,1 ,8 ,26 ,10 ,0 ,1.0
729 ,0 ,0 ,0 ,0 ,0 ,0 ,0 ,0 ,0 ,0 ,10 ,0 ,2.0
730 ,1 ,4 ,2 ,1 ,0 ,1 ,1 ,1 ,5 ,16 ,10 ,0 ,2.0
731 ,0 ,0 ,0 ,0 ,0 ,0 ,0 ,0 ,0 ,0 ,11 ,1 ,0.0
732 ,1 ,2 ,0 ,1 ,3 ,1 ,2 ,1 ,3 ,14 ,11 ,0 ,1.0
733 ,0 ,0 ,0 ,0 ,0 ,0 ,0 ,0 ,0 ,0 ,9 ,2 ,0.0
734 ,0 ,0 ,0 ,0 ,0 ,0 ,0 ,0 ,0 ,0 ,10 ,1 ,0.0
735 ,1 ,1 ,3 ,2 ,0 ,1 ,0 ,1 ,1 ,10 ,10 ,0 ,0.0
736 ,0 ,0 ,0 ,0 ,0 ,0 ,0 ,0 ,0 ,0 ,10 ,0 ,1.0
737 ,0 ,0 ,0 ,0 ,0 ,0 ,0 ,0 ,0 ,0 ,10 ,0 ,1.0
738 ,0 ,0 ,0 ,0 ,0 ,0 ,0 ,0 ,0 ,0 ,10 ,0 ,0.0
739 ,0 ,0 ,0 ,0 ,0 ,0 ,0 ,0 ,0 ,0 ,12 ,2 ,1.0
740 ,2 ,1 ,5 ,0 ,1 ,2 ,1 ,3 ,5 ,20 ,11 ,1 ,2.0
741 ,0 ,0 ,0 ,0 ,0 ,0 ,0 ,0 ,0 ,0 ,11 ,0 ,4.0
742 ,2 ,2 ,1 ,1 ,4 ,3 ,3 ,2 ,16 ,34 ,11 ,0 ,3.0
743 ,0 ,0 ,0 ,0 ,0 ,0 ,0 ,0 ,0 ,0 ,11 ,0 ,3.0
744 ,2 ,4 ,5 ,6 ,2 ,4 ,2 ,2 ,27 ,54 ,11 ,0 ,3.0
745 ,0 ,0 ,0 ,0 ,0 ,0 ,0 ,0 ,0 ,0 ,10 ,1 ,3.0
746 ,0 ,0 ,0 ,0 ,0 ,0 ,0 ,0 ,0 ,0 ,10 ,0 ,3.0
747 ,1 ,0 ,1 ,1 ,2 ,1 ,0 ,0 ,4 ,10 ,10 ,0 ,2.0
748 ,0 ,0 ,0 ,0 ,0 ,0 ,0 ,0 ,0 ,0 ,9 ,1 ,3.0
749 ,0 ,0 ,0 ,0 ,0 ,0 ,0 ,0 ,0 ,0 ,9 ,0 ,2.0
750 ,0 ,0 ,0 ,0 ,0 ,0 ,0 ,0 ,0 ,0 ,9 ,0 ,1.0
751 ,0 ,0 ,0 ,0 ,0 ,0 ,0 ,0 ,0 ,0 ,10 ,1 ,0.0
752 ,1 ,1 ,6 ,1 ,0 ,4 ,1 ,0 ,2 ,16 ,10 ,0 ,0.0
753 ,0 ,0 ,0 ,0 ,0 ,0 ,0 ,0 ,0 ,0 ,9 ,1 ,0.0
754 ,1 ,2 ,6 ,1 ,0 ,2 ,0 ,1 ,11 ,24 ,9 ,0 ,0.0
755 ,0 ,0 ,0 ,0 ,0 ,0 ,0 ,0 ,0 ,0 ,10 ,1 ,0.0
756 ,0 ,2 ,14 ,2 ,1 ,1 ,2 ,1 ,23 ,46 ,10 ,0 ,1.0
757 ,0 ,0 ,0 ,0 ,0 ,0 ,0 ,0 ,0 ,0 ,9 ,1 ,1.0
758 ,0 ,0 ,0 ,0 ,0 ,0 ,0 ,0 ,0 ,0 ,10 ,1 ,0.0
759 ,0 ,4 ,4 ,0 ,1 ,1 ,1 ,1 ,10 ,22 ,10 ,0 ,0.0
760 ,2 ,1 ,2 ,5 ,1 ,2 ,1 ,1 ,3 ,18 ,10 ,0 ,0.0
761 ,0 ,0 ,0 ,0 ,0 ,0 ,0 ,0 ,0 ,0 ,10 ,0 ,0.0
762 ,0 ,0 ,0 ,0 ,0 ,0 ,0 ,0 ,0 ,0 ,10 ,0 ,1.0
763 ,0 ,0 ,0 ,0 ,0 ,0 ,0 ,0 ,0 ,0 ,10 ,0 ,1.0
764 ,1 ,11 ,30 ,7 ,4 ,0 ,2 ,1 ,56 ,112 ,10 ,0 ,1.0
765 ,0 ,0 ,0 ,0 ,0 ,0 ,0 ,0 ,0 ,0 ,11 ,1 ,0.0
766 ,2 ,3 ,1 ,2 ,3 ,4 ,2 ,1 ,6 ,24 ,11 ,0 ,0.0
767 ,0 ,0 ,0 ,0 ,0 ,0 ,0 ,0 ,0 ,0 ,11 ,0 ,2.0
768 ,2 ,1 ,4 ,0 ,2 ,2 ,2 ,3 ,4 ,20 ,11 ,0 ,1.0
769 ,0 ,0 ,0 ,0 ,0 ,0 ,0 ,0 ,0 ,0 ,10 ,1 ,1.0
770 ,0 ,0 ,0 ,0 ,0 ,0 ,0 ,0 ,0 ,0 ,11 ,1 ,3.0
771 ,1 ,2 ,6 ,0 ,2 ,1 ,1 ,0 ,9 ,22 ,11 ,0 ,3.0
772 ,0 ,0 ,0 ,0 ,0 ,0 ,0 ,0 ,0 ,0 ,11 ,0 ,3.0
773 ,0 ,0 ,0 ,0 ,0 ,0 ,0 ,0 ,0 ,0 ,11 ,0 ,2.0
774 ,0 ,0 ,0 ,0 ,0 ,0 ,0 ,0 ,0 ,0 ,11 ,0 ,1.0
775 ,0 ,0 ,0 ,0 ,0 ,0 ,0 ,0 ,0 ,0 ,12 ,1 ,1.0
776 ,2 ,0 ,2 ,1 ,2 ,1 ,2 ,1 ,5 ,16 ,12 ,0 ,1.0
777 ,0 ,0 ,0 ,0 ,0 ,0 ,0 ,0 ,0 ,0 ,12 ,0 ,2.0
778 ,0 ,0 ,0 ,0 ,0 ,0 ,0 ,0 ,0 ,0 ,12 ,0 ,2.0
779 ,0 ,0 ,0 ,0 ,0 ,0 ,0 ,0 ,0 ,0 ,12 ,0 ,2.0
780 ,2 ,4 ,3 ,7 ,1 ,3 ,1 ,1 ,22 ,44 ,12 ,0 ,1.0
781 ,0 ,0 ,0 ,0 ,0 ,0 ,0 ,0 ,0 ,0 ,11 ,1 ,2.0
782 ,0 ,0 ,0 ,0 ,0 ,0 ,0 ,0 ,0 ,0 ,12 ,1 ,3.0
783 ,1 ,4 ,15 ,2 ,1 ,0 ,0 ,0 ,21 ,44 ,12 ,0 ,1.0
784 ,0 ,0 ,0 ,0 ,0 ,0 ,0 ,0 ,0 ,0 ,11 ,1 ,2.0
785 ,0 ,0 ,0 ,0 ,0 ,0 ,0 ,0 ,0 ,0 ,11 ,0 ,1.0
786 ,0 ,0 ,0 ,0 ,0 ,0 ,0 ,0 ,0 ,0 ,11 ,0 ,1.0
787 ,0 ,0 ,0 ,0 ,0 ,0 ,0 ,0 ,0 ,0 ,11 ,0 ,2.0
788 ,1 ,0 ,2 ,1 ,1 ,0 ,0 ,0 ,1 ,6 ,11 ,0 ,2.0
789 ,0 ,0 ,0 ,0 ,0 ,0 ,0 ,0 ,0 ,0 ,10 ,1 ,4.0
790 ,1 ,2 ,7 ,5 ,6 ,1 ,0 ,0 ,22 ,44 ,10 ,0 ,3.0
791 ,0 ,0 ,0 ,0 ,0 ,0 ,0 ,0 ,0 ,0 ,9 ,1 ,3.0
792 ,1 ,3 ,3 ,4 ,3 ,2 ,1 ,2 ,19 ,38 ,9 ,0 ,2.0
793 ,0 ,0 ,0 ,0 ,0 ,0 ,0 ,0 ,0 ,0 ,9 ,0 ,2.0
794 ,0 ,0 ,0 ,0 ,0 ,0 ,0 ,0 ,0 ,0 ,9 ,0 ,2.0
795 ,0 ,5 ,21 ,6 ,4 ,1 ,1 ,2 ,38 ,78 ,9 ,0 ,1.0
796 ,0 ,0 ,0 ,0 ,0 ,0 ,0 ,0 ,0 ,0 ,9 ,0 ,1.0
797 ,0 ,0 ,0 ,0 ,0 ,0 ,0 ,0 ,0 ,0 ,9 ,0 ,0.0
798 ,0 ,0 ,0 ,0 ,0 ,0 ,0 ,0 ,0 ,0 ,9 ,0 ,1.0
799 ,0 ,0 ,0 ,0 ,0 ,0 ,0 ,0 ,0 ,0 ,10 ,1 ,0.0
800 ,0 ,5 ,7 ,1 ,1 ,1 ,0 ,1 ,12 ,28 ,10 ,0 ,0.0
801 ,0 ,0 ,0 ,0 ,0 ,0 ,0 ,0 ,0 ,0 ,11 ,1 ,2.0
802 ,2 ,1 ,7 ,2 ,3 ,2 ,3 ,3 ,9 ,32 ,11 ,0 ,2.0
803 ,0 ,0 ,0 ,0 ,0 ,0 ,0 ,0 ,0 ,0 ,12 ,1 ,2.0
804 ,2 ,5 ,3 ,1 ,0 ,0 ,0 ,0 ,9 ,20 ,12 ,0 ,2.0
805 ,0 ,0 ,0 ,0 ,0 ,0 ,0 ,0 ,0 ,0 ,11 ,1 ,3.0
806 ,0 ,0 ,0 ,0 ,0 ,0 ,0 ,0 ,0 ,0 ,12 ,1 ,4.0
807 ,1 ,4 ,11 ,4 ,2 ,0 ,2 ,2 ,16 ,42 ,12 ,0 ,3.0
808 ,0 ,0 ,0 ,0 ,0 ,0 ,0 ,0 ,0 ,0 ,11 ,1 ,4.0
809 ,0 ,0 ,0 ,0 ,0 ,0 ,0 ,0 ,0 ,0 ,11 ,0 ,3.0
810 ,0 ,0 ,0 ,0 ,0 ,0 ,0 ,0 ,0 ,0 ,11 ,0 ,3.0
811 ,0 ,0 ,0 ,0 ,0 ,0 ,0 ,0 ,0 ,0 ,11 ,0 ,2.0
812 ,1 ,1 ,9 ,0 ,0 ,1 ,4 ,2 ,2 ,20 ,11 ,0 ,2.0
813 ,0 ,0 ,0 ,0 ,0 ,0 ,0 ,0 ,0 ,0 ,11 ,0 ,2.0
814 ,0 ,5 ,3 ,0 ,2 ,0 ,1 ,2 ,13 ,26 ,11 ,0 ,2.0
815 ,0 ,0 ,0 ,0 ,0 ,0 ,0 ,0 ,0 ,0 ,10 ,1 ,3.0
816 ,0 ,1 ,6 ,1 ,2 ,1 ,1 ,0 ,2 ,14 ,10 ,0 ,3.0
817 ,0 ,0 ,0 ,0 ,0 ,0 ,0 ,0 ,0 ,0 ,9 ,1 ,3.0
818 ,0 ,0 ,0 ,0 ,0 ,0 ,0 ,0 ,0 ,0 ,10 ,1 ,4.0
819 ,0 ,0 ,5 ,0 ,0 ,1 ,0 ,0 ,4 ,10 ,10 ,0 ,3.0
820 ,0 ,0 ,0 ,0 ,0 ,0 ,0 ,0 ,0 ,0 ,8 ,2 ,4.0
821 ,0 ,0 ,0 ,0 ,0 ,0 ,0 ,0 ,0 ,0 ,8 ,0 ,3.0
822 ,0 ,0 ,0 ,0 ,0 ,0 ,0 ,0 ,0 ,0 ,8 ,0 ,3.0
823 ,0 ,0 ,0 ,0 ,0 ,0 ,0 ,0 ,0 ,0 ,9 ,1 ,3.0
824 ,2 ,5 ,2 ,4 ,4 ,3 ,2 ,0 ,22 ,44 ,9 ,0 ,3.0
825 ,0 ,0 ,0 ,0 ,0 ,0 ,0 ,0 ,0 ,0 ,9 ,0 ,4.0
826 ,2 ,7 ,4 ,10 ,8 ,1 ,1 ,1 ,34 ,68 ,9 ,0 ,4.0
827 ,0 ,0 ,0 ,0 ,0 ,0 ,0 ,0 ,0 ,0 ,8 ,1 ,4.0
828 ,5 ,9 ,6 ,6 ,4 ,1 ,2 ,3 ,36 ,72 ,8 ,0 ,4.0
829 ,0 ,0 ,0 ,0 ,0 ,0 ,0 ,0 ,0 ,0 ,8 ,0 ,4.0
830 ,0 ,0 ,0 ,0 ,0 ,0 ,0 ,0 ,0 ,0 ,9 ,1 ,5.0
831 ,1 ,4 ,0 ,3 ,3 ,0 ,1 ,0 ,12 ,24 ,9 ,0 ,4.0
832 ,0 ,0 ,0 ,0 ,0 ,0 ,0 ,0 ,0 ,0 ,8 ,1 ,5.0
833 ,0 ,0 ,0 ,0 ,0 ,0 ,0 ,0 ,0 ,0 ,8 ,0 ,4.0
834 ,0 ,0 ,0 ,0 ,0 ,0 ,0 ,0 ,0 ,0 ,8 ,0 ,3.0
835 ,0 ,0 ,0 ,0 ,0 ,0 ,0 ,0 ,0 ,0 ,9 ,1 ,3.0
836 ,0 ,0 ,0 ,0 ,1 ,1 ,2 ,0 ,4 ,8 ,9 ,0 ,3.0
837 ,0 ,0 ,0 ,0 ,0 ,0 ,0 ,0 ,0 ,0 ,8 ,1 ,3.0
838 ,0 ,0 ,0 ,0 ,0 ,0 ,0 ,0 ,0 ,0 ,8 ,0 ,2.0
839 ,0 ,0 ,0 ,0 ,0 ,0 ,0 ,0 ,0 ,0 ,8 ,0 ,2.0
840 ,0 ,0 ,2 ,1 ,2 ,1 ,1 ,1 ,4 ,12 ,8 ,0 ,2.0
841 ,0 ,0 ,0 ,0 ,0 ,0 ,0 ,0 ,0 ,0 ,8 ,0 ,1.0
842 ,0 ,0 ,0 ,0 ,0 ,0 ,0 ,0 ,0 ,0 ,9 ,1 ,2.0
843 ,2 ,1 ,1 ,1 ,3 ,0 ,2 ,3 ,11 ,24 ,9 ,0 ,1.0
844 ,0 ,0 ,0 ,0 ,0 ,0 ,0 ,0 ,0 ,0 ,9 ,0 ,1.0
845 ,0 ,0 ,0 ,0 ,0 ,0 ,0 ,0 ,0 ,0 ,9 ,0 ,0.0
846 ,0 ,0 ,0 ,0 ,0 ,0 ,0 ,0 ,0 ,0 ,9 ,0 ,0.0
847 ,0 ,0 ,0 ,0 ,0 ,0 ,0 ,0 ,0 ,0 ,10 ,1 ,1.0
848 ,1 ,0 ,7 ,2 ,3 ,1 ,1 ,3 ,18 ,36 ,10 ,0 ,1.0
849 ,0 ,0 ,0 ,0 ,0 ,0 ,0 ,0 ,0 ,0 ,9 ,1 ,2.0
850 ,0 ,0 ,0 ,0 ,0 ,0 ,0 ,0 ,0 ,0 ,9 ,0 ,1.0
851 ,0 ,0 ,0 ,0 ,0 ,0 ,0 ,0 ,0 ,0 ,8 ,1 ,2.0
852 ,0 ,0 ,0 ,0 ,0 ,0 ,0 ,0 ,0 ,0 ,8 ,0 ,2.0
853 ,0 ,0 ,0 ,0 ,0 ,0 ,0 ,0 ,0 ,0 ,7 ,1 ,3.0
854 ,1 ,2 ,12 ,0 ,0 ,2 ,0 ,1 ,16 ,34 ,7 ,0 ,3.0
855 ,1 ,5 ,7 ,2 ,6 ,5 ,5 ,10 ,1 ,42 ,7 ,0 ,2.0
856 ,0 ,0 ,0 ,0 ,0 ,0 ,0 ,0 ,0 ,0 ,6 ,1 ,3.0
857 ,0 ,0 ,0 ,0 ,0 ,0 ,0 ,0 ,0 ,0 ,6 ,0 ,2.0
858 ,0 ,0 ,0 ,0 ,0 ,0 ,0 ,0 ,0 ,0 ,6 ,0 ,1.0
859 ,0 ,0 ,0 ,0 ,0 ,0 ,0 ,0 ,0 ,0 ,7 ,1 ,1.0
860 ,0 ,1 ,6 ,3 ,6 ,0 ,3 ,2 ,1 ,22 ,7 ,0 ,1.0
861 ,0 ,0 ,0 ,0 ,0 ,0 ,0 ,0 ,0 ,0 ,8 ,1 ,2.0
862 ,0 ,0 ,0 ,0 ,0 ,0 ,0 ,0 ,0 ,0 ,8 ,0 ,1.0
863 ,0 ,0 ,0 ,0 ,0 ,0 ,0 ,0 ,0 ,0 ,8 ,0 ,1.0
864 ,2 ,2 ,1 ,3 ,5 ,1 ,0 ,2 ,10 ,26 ,8 ,0 ,1.0
865 ,0 ,0 ,0 ,0 ,0 ,0 ,0 ,0 ,0 ,0 ,8 ,0 ,0.0
866 ,0 ,0 ,0 ,0 ,0 ,0 ,0 ,0 ,0 ,0 ,8 ,0 ,0.0
867 ,3 ,1 ,1 ,4 ,5 ,2 ,3 ,1 ,18 ,38 ,8 ,0 ,1.0
868 ,0 ,0 ,0 ,0 ,0 ,0 ,0 ,0 ,0 ,0 ,7 ,1 ,0.0
869 ,0 ,0 ,0 ,0 ,0 ,0 ,0 ,0 ,0 ,0 ,7 ,0 ,0.0
870 ,0 ,0 ,0 ,0 ,0 ,0 ,0 ,0 ,0 ,0 ,7 ,0 ,2.0
871 ,0 ,0 ,0 ,0 ,0 ,0 ,0 ,0 ,0 ,0 ,8 ,1 ,3.0
872 ,5 ,11 ,1 ,10 ,2 ,0 ,0 ,3 ,26 ,58 ,8 ,0 ,3.0
873 ,0 ,0 ,0 ,0 ,0 ,0 ,0 ,0 ,0 ,0 ,8 ,0 ,1.0
874 ,0 ,0 ,0 ,0 ,0 ,0 ,0 ,0 ,0 ,0 ,8 ,0 ,2.0
875 ,0 ,0 ,0 ,0 ,0 ,0 ,0 ,0 ,0 ,0 ,8 ,0 ,2.0
876 ,2 ,1 ,14 ,4 ,2 ,0 ,2 ,1 ,2 ,28 ,8 ,0 ,2.0
877 ,0 ,0 ,0 ,0 ,0 ,0 ,0 ,0 ,0 ,0 ,8 ,0 ,3.0
878 ,0 ,0 ,0 ,0 ,0 ,0 ,0 ,0 ,0 ,0 ,8 ,0 ,3.0
879 ,0 ,0 ,0 ,0 ,0 ,0 ,0 ,0 ,0 ,0 ,8 ,0 ,3.0
880 ,0 ,0 ,0 ,0 ,0 ,0 ,0 ,0 ,0 ,0 ,7 ,1 ,2.0
881 ,0 ,0 ,0 ,0 ,0 ,0 ,0 ,0 ,0 ,0 ,7 ,0 ,1.0
882 ,2 ,0 ,3 ,2 ,1 ,1 ,1 ,1 ,9 ,20 ,7 ,0 ,2.0
883 ,0 ,0 ,0 ,0 ,0 ,0 ,0 ,0 ,0 ,0 ,8 ,1 ,2.0
884 ,0 ,5 ,6 ,2 ,2 ,0 ,3 ,2 ,10 ,30 ,8 ,0 ,2.0
885 ,0 ,0 ,0 ,0 ,0 ,0 ,0 ,0 ,0 ,0 ,8 ,0 ,0.0
886 ,4 ,6 ,11 ,5 ,5 ,0 ,0 ,1 ,10 ,42 ,8 ,0 ,1.0
887 ,0 ,0 ,0 ,0 ,0 ,0 ,0 ,0 ,0 ,0 ,8 ,0 ,2.0
888 ,0 ,0 ,0 ,0 ,0 ,0 ,0 ,0 ,0 ,0 ,9 ,1 ,2.0
889 ,1 ,0 ,1 ,2 ,0 ,1 ,1 ,1 ,3 ,10 ,8 ,1 ,2.0
890 ,0 ,0 ,0 ,0 ,0 ,0 ,0 ,0 ,0 ,0 ,8 ,0 ,2.0
891 ,0 ,0 ,0 ,0 ,0 ,0 ,0 ,0 ,0 ,0 ,8 ,0 ,2.0
892 ,0 ,0 ,0 ,0 ,0 ,0 ,0 ,0 ,0 ,0 ,7 ,1 ,1.0
893 ,0 ,0 ,0 ,0 ,0 ,0 ,0 ,0 ,0 ,0 ,8 ,1 ,0.0
894 ,1 ,2 ,0 ,4 ,1 ,1 ,0 ,0 ,1 ,10 ,8 ,0 ,0.0
895 ,0 ,0 ,0 ,0 ,0 ,0 ,0 ,0 ,0 ,0 ,9 ,1 ,0.0
896 ,1 ,1 ,4 ,4 ,1 ,1 ,0 ,1 ,7 ,20 ,9 ,0 ,0.0
897 ,0 ,0 ,0 ,0 ,0 ,0 ,0 ,0 ,0 ,0 ,8 ,1 ,1.0
898 ,0 ,1 ,3 ,0 ,2 ,1 ,2 ,2 ,11 ,22 ,8 ,0 ,0.0
899 ,0 ,0 ,0 ,0 ,0 ,0 ,0 ,0 ,0 ,0 ,8 ,0 ,1.0
900 ,0 ,0 ,0 ,0 ,0 ,0 ,0 ,0 ,0 ,0 ,9 ,1 ,1.0
901 ,3 ,1 ,8 ,3 ,0 ,0 ,1 ,2 ,18 ,36 ,9 ,0 ,0.0
902 ,0 ,0 ,0 ,0 ,0 ,0 ,0 ,0 ,0 ,0 ,9 ,0 ,0.0
903 ,0 ,0 ,0 ,0 ,0 ,0 ,0 ,0 ,0 ,0 ,9 ,0 ,2.0
904 ,0 ,0 ,0 ,0 ,0 ,0 ,0 ,0 ,0 ,0 ,9 ,0 ,2.0
905 ,0 ,0 ,0 ,0 ,0 ,0 ,0 ,0 ,0 ,0 ,9 ,0 ,2.0
906 ,1 ,2 ,5 ,0 ,2 ,0 ,1 ,2 ,9 ,22 ,9 ,0 ,3.0
907 ,0 ,0 ,0 ,0 ,0 ,0 ,0 ,0 ,0 ,0 ,10 ,1 ,3.0
908 ,0 ,0 ,4 ,2 ,1 ,3 ,2 ,1 ,13 ,26 ,10 ,0 ,3.0
909 ,0 ,0 ,0 ,0 ,0 ,0 ,0 ,0 ,0 ,0 ,10 ,0 ,1.0
910 ,0 ,1 ,6 ,8 ,1 ,0 ,0 ,0 ,16 ,32 ,10 ,0 ,1.0
911 ,0 ,0 ,0 ,0 ,0 ,0 ,0 ,0 ,0 ,0 ,9 ,1 ,1.0
912 ,0 ,0 ,0 ,0 ,0 ,0 ,0 ,0 ,0 ,0 ,10 ,1 ,0.0
913 ,3 ,6 ,5 ,4 ,1 ,1 ,1 ,1 ,20 ,42 ,10 ,0 ,0.0
914 ,0 ,0 ,0 ,0 ,0 ,0 ,0 ,0 ,0 ,0 ,10 ,0 ,0.0
915 ,0 ,0 ,0 ,0 ,0 ,0 ,0 ,0 ,0 ,0 ,10 ,0 ,0.0
916 ,0 ,0 ,0 ,0 ,0 ,0 ,0 ,0 ,0 ,0 ,10 ,0 ,3.0
917 ,0 ,0 ,0 ,0 ,0 ,0 ,0 ,0 ,0 ,0 ,10 ,0 ,3.0
918 ,2 ,1 ,1 ,8 ,3 ,3 ,1 ,1 ,20 ,40 ,10 ,0 ,3.0
919 ,0 ,0 ,0 ,0 ,0 ,0 ,0 ,0 ,0 ,0 ,10 ,0 ,3.0
920 ,1 ,2 ,6 ,4 ,2 ,1 ,0 ,2 ,12 ,30 ,10 ,0 ,3.0
921 ,0 ,0 ,0 ,0 ,0 ,0 ,0 ,0 ,0 ,0 ,11 ,1 ,2.0
922 ,1 ,0 ,2 ,1 ,0 ,1 ,1 ,1 ,5 ,12 ,11 ,0 ,2.0
923 ,0 ,0 ,0 ,0 ,0 ,0 ,0 ,0 ,0 ,0 ,10 ,1 ,2.0
924 ,0 ,0 ,0 ,0 ,0 ,0 ,0 ,0 ,0 ,0 ,11 ,1 ,1.0
925 ,5 ,9 ,5 ,8 ,4 ,3 ,2 ,2 ,28 ,66 ,11 ,0 ,1.0
926 ,0 ,0 ,0 ,0 ,0 ,0 ,0 ,0 ,0 ,0 ,11 ,0 ,1.0
927 ,0 ,0 ,0 ,0 ,0 ,0 ,0 ,0 ,0 ,0 ,11 ,0 ,2.0
928 ,0 ,0 ,0 ,0 ,0 ,0 ,0 ,0 ,0 ,0 ,11 ,0 ,2.0
929 ,0 ,0 ,0 ,0 ,0 ,0 ,0 ,0 ,0 ,0 ,11 ,0 ,1.0
930 ,1 ,2 ,9 ,2 ,2 ,2 ,1 ,2 ,11 ,32 ,11 ,0 ,2.0
931 ,0 ,0 ,0 ,0 ,0 ,0 ,0 ,0 ,0 ,0 ,10 ,1 ,3.0
932 ,0 ,2 ,4 ,9 ,3 ,1 ,1 ,1 ,7 ,28 ,10 ,0 ,3.0
933 ,0 ,0 ,0 ,0 ,0 ,0 ,0 ,0 ,0 ,0 ,10 ,0 ,1.0
934 ,1 ,5 ,1 ,8 ,4 ,1 ,1 ,1 ,18 ,40 ,10 ,0 ,2.0
935 ,0 ,0 ,0 ,0 ,0 ,0 ,0 ,0 ,0 ,0 ,9 ,1 ,3.0
936 ,0 ,0 ,0 ,0 ,0 ,0 ,0 ,0 ,0 ,0 ,10 ,1 ,1.0
937 ,1 ,1 ,17 ,3 ,0 ,1 ,1 ,1 ,23 ,48 ,10 ,0 ,1.0
938 ,0 ,0 ,0 ,0 ,0 ,0 ,0 ,0 ,0 ,0 ,10 ,0 ,0.0
939 ,0 ,0 ,0 ,0 ,0 ,0 ,0 ,0 ,0 ,0 ,10 ,0 ,2.0
940 ,0 ,0 ,0 ,0 ,0 ,0 ,0 ,0 ,0 ,0 ,10 ,0 ,2.0
941 ,0 ,0 ,0 ,0 ,0 ,0 ,0 ,0 ,0 ,0 ,10 ,0 ,1.0
942 ,0 ,0 ,0 ,0 ,0 ,0 ,0 ,0 ,0 ,0 ,10 ,0 ,2.0
943 ,2 ,3 ,3 ,1 ,0 ,1 ,0 ,0 ,2 ,12 ,9 ,1 ,1.0
944 ,0 ,1 ,6 ,5 ,4 ,2 ,0 ,1 ,17 ,36 ,9 ,0 ,1.0
945 ,0 ,0 ,0 ,0 ,0 ,0 ,0 ,0 ,0 ,0 ,9 ,0 ,1.0
946 ,0 ,2 ,14 ,1 ,3 ,0 ,2 ,2 ,8 ,32 ,9 ,0 ,1.0
947 ,0 ,0 ,0 ,0 ,0 ,0 ,0 ,0 ,0 ,0 ,9 ,0 ,3.0
948 ,0 ,0 ,0 ,0 ,0 ,0 ,0 ,0 ,0 ,0 ,10 ,1 ,2.0
949 ,2 ,3 ,22 ,0 ,0 ,2 ,0 ,0 ,25 ,54 ,10 ,0 ,2.0
950 ,0 ,0 ,0 ,0 ,0 ,0 ,0 ,0 ,0 ,0 ,8 ,2 ,1.0
951 ,0 ,0 ,0 ,0 ,0 ,0 ,0 ,0 ,0 ,0 ,8 ,0 ,2.0
952 ,0 ,0 ,0 ,0 ,0 ,0 ,0 ,0 ,0 ,0 ,8 ,0 ,2.0
953 ,0 ,0 ,0 ,0 ,0 ,0 ,0 ,0 ,0 ,0 ,9 ,1 ,1.0
954 ,0 ,0 ,0 ,3 ,2 ,0 ,1 ,0 ,0 ,6 ,9 ,0 ,1.0
955 ,0 ,0 ,0 ,0 ,0 ,0 ,0 ,0 ,0 ,0 ,9 ,0 ,2.0
956 ,0 ,0 ,0 ,0 ,0 ,0 ,0 ,0 ,0 ,0 ,9 ,0 ,2.0
957 ,0 ,0 ,0 ,0 ,0 ,0 ,0 ,0 ,0 ,0 ,9 ,0 ,0.0
958 ,0 ,1 ,7 ,2 ,3 ,1 ,1 ,2 ,1 ,18 ,9 ,0 ,1.0
959 ,0 ,0 ,0 ,0 ,0 ,0 ,0 ,0 ,0 ,0 ,8 ,1 ,1.0
960 ,0 ,0 ,0 ,0 ,0 ,0 ,0 ,0 ,0 ,0 ,8 ,0 ,3.0
961 ,1 ,3 ,14 ,0 ,2 ,2 ,2 ,2 ,26 ,52 ,9 ,1 ,3.0
962 ,0 ,0 ,0 ,0 ,0 ,0 ,0 ,0 ,0 ,0 ,8 ,1 ,2.0
963 ,0 ,0 ,0 ,0 ,0 ,0 ,0 ,0 ,0 ,0 ,8 ,0 ,5.0
964 ,0 ,0 ,0 ,0 ,0 ,0 ,0 ,0 ,0 ,0 ,8 ,0 ,5.0
965 ,0 ,0 ,0 ,0 ,0 ,0 ,0 ,0 ,0 ,0 ,8 ,0 ,5.0
966 ,1 ,1 ,7 ,6 ,0 ,2 ,1 ,1 ,5 ,24 ,11 ,3 ,2.0
967 ,0 ,0 ,0 ,0 ,0 ,0 ,0 ,0 ,0 ,0 ,11 ,0 ,3.0
968 ,0 ,0 ,0 ,0 ,0 ,0 ,0 ,0 ,0 ,0 ,10 ,1 ,3.0
969 ,0 ,0 ,0 ,0 ,0 ,0 ,0 ,0 ,0 ,0 ,10 ,0 ,2.0
970 ,3 ,2 ,17 ,4 ,2 ,1 ,2 ,3 ,0 ,34 ,10 ,0 ,4.0
971 ,0 ,0 ,0 ,0 ,0 ,0 ,0 ,0 ,0 ,0 ,10 ,0 ,5.0
972 ,0 ,0 ,0 ,0 ,0 ,0 ,0 ,0 ,0 ,0 ,10 ,0 ,4.0
973 ,0 ,1 ,10 ,1 ,0 ,1 ,0 ,1 ,12 ,26 ,10 ,0 ,5.0
974 ,0 ,0 ,0 ,0 ,0 ,0 ,0 ,0 ,0 ,0 ,9 ,1 ,4.0
975 ,0 ,0 ,0 ,0 ,0 ,0 ,0 ,0 ,0 ,0 ,9 ,0 ,7.0
976 ,0 ,0 ,0 ,0 ,0 ,0 ,0 ,0 ,0 ,0 ,9 ,0 ,7.0
977 ,0 ,0 ,0 ,0 ,0 ,0 ,0 ,0 ,0 ,0 ,10 ,1 ,7.0
978 ,3 ,4 ,0 ,5 ,4 ,3 ,3 ,2 ,24 ,48 ,10 ,0 ,7.0
979 ,0 ,0 ,0 ,0 ,0 ,0 ,0 ,0 ,0 ,0 ,9 ,1 ,8.0
980 ,0 ,0 ,0 ,0 ,0 ,0 ,0 ,0 ,0 ,0 ,9 ,0 ,10.0
981 ,0 ,0 ,0 ,0 ,0 ,0 ,0 ,0 ,0 ,0 ,10 ,1 ,11.0
982 ,0 ,2 ,11 ,1 ,2 ,1 ,2 ,1 ,10 ,30 ,10 ,0 ,13.0
983 ,0 ,0 ,0 ,0 ,0 ,0 ,0 ,0 ,0 ,0 ,9 ,1 ,13.0
984 ,0 ,0 ,0 ,0 ,0 ,0 ,0 ,0 ,0 ,0 ,10 ,1 ,16.0
985 ,2 ,1 ,11 ,1 ,3 ,1 ,1 ,2 ,4 ,26 ,11 ,1 ,17.0
986 ,1 ,3 ,3 ,0 ,0 ,1 ,1 ,3 ,12 ,24 ,9 ,2 ,16.0
987 ,0 ,0 ,0 ,0 ,0 ,0 ,0 ,0 ,0 ,0 ,9 ,0 ,18.0
988 ,0 ,0 ,0 ,0 ,0 ,0 ,0 ,0 ,0 ,0 ,9 ,0 ,18.0
989 ,0 ,0 ,0 ,0 ,0 ,0 ,0 ,0 ,0 ,0 ,10 ,1 ,17.0
990 ,0 ,0 ,0 ,0 ,0 ,0 ,0 ,0 ,0 ,0 ,10 ,0 ,17.0
991 ,1 ,11 ,43 ,6 ,2 ,2 ,2 ,2 ,69 ,138 ,9 ,1 ,19.0
992 ,0 ,0 ,0 ,0 ,0 ,0 ,0 ,0 ,0 ,0 ,9 ,0 ,20.0
993 ,0 ,0 ,0 ,0 ,0 ,0 ,0 ,0 ,0 ,0 ,9 ,0 ,21.0
994 ,2 ,1 ,4 ,4 ,3 ,0 ,2 ,1 ,9 ,26 ,9 ,0 ,22.0
995 ,0 ,0 ,0 ,0 ,0 ,0 ,0 ,0 ,0 ,0 ,10 ,1 ,21.0
996 ,0 ,0 ,0 ,0 ,0 ,0 ,0 ,0 ,0 ,0 ,10 ,0 ,22.0
997 ,0 ,3 ,5 ,1 ,0 ,1 ,0 ,1 ,3 ,14 ,11 ,1 ,22.0
998 ,1 ,0 ,6 ,3 ,4 ,1 ,1 ,1 ,11 ,28 ,10 ,1 ,21.0
999 ,0 ,0 ,0 ,0 ,0 ,0 ,0 ,0 ,0 ,0 ,10 ,0 ,21.0
1000 ,0 ,0 ,0 ,0 ,0 ,0 ,0 ,0 ,0 ,0 ,10 ,0 ,28.0
1001 ,0 ,0 ,0 ,0 ,0 ,0 ,0 ,0 ,0 ,0 ,11 ,1 ,27.0
1002 ,1 ,2 ,1 ,2 ,1 ,1 ,0 ,2 ,0 ,10 ,11 ,0 ,27.0
1003 ,0 ,0 ,0 ,0 ,0 ,0 ,0 ,0 ,0 ,0 ,10 ,1 ,29.0
1004 ,0 ,0 ,0 ,0 ,0 ,0 ,0 ,0 ,0 ,0 ,10 ,0 ,29.0
1005 ,0 ,0 ,0 ,0 ,0 ,0 ,0 ,0 ,0 ,0 ,11 ,1 ,28.0
1006 ,1 ,1 ,3 ,2 ,1 ,1 ,1 ,1 ,5 ,16 ,11 ,0 ,34.0
1007 ,0 ,0 ,0 ,0 ,0 ,0 ,0 ,0 ,0 ,0 ,10 ,1 ,34.0
1008 ,0 ,0 ,0 ,0 ,0 ,0 ,0 ,0 ,0 ,0 ,11 ,1 ,38.0
1009 ,1 ,4 ,0 ,6 ,3 ,1 ,4 ,3 ,22 ,44 ,11 ,0 ,39.0
1010 ,1 ,1 ,1 ,1 ,1 ,0 ,2 ,0 ,3 ,10 ,13 ,2 ,37.0
1011 ,0 ,0 ,0 ,0 ,0 ,0 ,0 ,0 ,0 ,0 ,12 ,1 ,38.0
1012 ,0 ,0 ,0 ,0 ,0 ,0 ,0 ,0 ,0 ,0 ,12 ,0 ,39.0
1013 ,0 ,0 ,0 ,0 ,0 ,0 ,0 ,0 ,0 ,0 ,15 ,3 ,36.0
1014 ,1 ,0 ,3 ,0 ,3 ,1 ,2 ,0 ,4 ,14 ,15 ,0 ,36.0
1015 ,0 ,0 ,0 ,0 ,0 ,0 ,0 ,0 ,0 ,0 ,15 ,0 ,40.0
1016 ,0 ,0 ,0 ,0 ,0 ,0 ,0 ,0 ,0 ,0 ,12 ,3 ,37.0
1017 ,0 ,0 ,0 ,0 ,0 ,0 ,0 ,0 ,0 ,0 ,13 ,1 ,36.0
1018 ,0 ,0 ,0 ,0 ,0 ,0 ,0 ,0 ,0 ,0 ,13 ,0 ,40.0
1019 ,0 ,0 ,0 ,0 ,0 ,0 ,0 ,0 ,0 ,0 ,12 ,1 ,40.0
1020 ,1 ,3 ,1 ,17 ,4 ,1 ,2 ,1 ,18 ,48 ,14 ,2 ,45.0
1021 ,1 ,2 ,8 ,7 ,2 ,0 ,1 ,0 ,19 ,40 ,16 ,2 ,44.0
1022 ,2 ,1 ,1 ,4 ,0 ,1 ,1 ,1 ,7 ,18 ,15 ,1 ,44.0
1023 ,0 ,0 ,0 ,0 ,0 ,0 ,0 ,0 ,0 ,0 ,15 ,0 ,48.0
1024 ,0 ,0 ,0 ,0 ,0 ,0 ,0 ,0 ,0 ,0 ,15 ,0 ,49.0
1025 ,0 ,0 ,0 ,0 ,0 ,0 ,0 ,0 ,0 ,0 ,18 ,3 ,45.0
1026 ,6 ,4 ,5 ,3 ,1 ,0 ,2 ,1 ,18 ,40 ,18 ,0 ,45.0
1027 ,0 ,0 ,0 ,0 ,0 ,0 ,0 ,0 ,0 ,0 ,18 ,0 ,47.0
1028 ,0 ,0 ,0 ,0 ,0 ,0 ,0 ,0 ,0 ,0 ,18 ,0 ,47.0
1029 ,0 ,0 ,0 ,0 ,0 ,0 ,0 ,0 ,0 ,0 ,19 ,1 ,47.0
1030 ,4 ,5 ,4 ,4 ,2 ,0 ,2 ,2 ,3 ,26 ,21 ,2 ,50.0
1031 ,0 ,0 ,0 ,0 ,0 ,0 ,0 ,0 ,0 ,0 ,21 ,0 ,49.0
1032 ,0 ,0 ,0 ,0 ,0 ,0 ,0 ,0 ,0 ,0 ,23 ,2 ,47.0
1033 ,29 ,0 ,7 ,8 ,1 ,2 ,1 ,2 ,16 ,66 ,23 ,0 ,48.0
1034 ,0 ,0 ,0 ,0 ,0 ,0 ,0 ,0 ,0 ,0 ,26 ,3 ,44.0
1035 ,32 ,2 ,17 ,5 ,1 ,1 ,1 ,6 ,27 ,92 ,26 ,0 ,47.0
1036 ,0 ,0 ,0 ,0 ,0 ,0 ,0 ,0 ,0 ,0 ,26 ,0 ,49.0
1037 ,0 ,0 ,0 ,0 ,0 ,0 ,0 ,0 ,0 ,0 ,28 ,2 ,47.0
1038 ,20 ,24 ,10 ,7 ,5 ,2 ,5 ,11 ,64 ,148 ,28 ,0 ,47.0
1039 ,0 ,0 ,0 ,0 ,0 ,0 ,0 ,0 ,0 ,0 ,27 ,1 ,48.0
1040 ,0 ,0 ,0 ,0 ,0 ,0 ,0 ,0 ,0 ,0 ,27 ,0 ,48.0
1041 ,0 ,0 ,0 ,0 ,0 ,0 ,0 ,0 ,0 ,0 ,29 ,2 ,47.0
1042 ,3 ,6 ,0 ,5 ,2 ,2 ,1 ,1 ,14 ,34 ,30 ,1 ,54.0
1043 ,0 ,0 ,0 ,0 ,0 ,0 ,0 ,0 ,0 ,0 ,30 ,0 ,54.0
1044 ,0 ,0 ,0 ,0 ,0 ,0 ,0 ,0 ,0 ,0 ,31 ,1 ,53.0
1045 ,15 ,11 ,0 ,6 ,6 ,2 ,2 ,2 ,44 ,88 ,30 ,1 ,52.0
1046 ,4 ,9 ,20 ,4 ,1 ,3 ,2 ,3 ,24 ,70 ,31 ,1 ,50.0
1047 ,0 ,0 ,0 ,0 ,0 ,0 ,0 ,0 ,0 ,0 ,31 ,0 ,51.0
1048 ,0 ,0 ,0 ,0 ,0 ,0 ,0 ,0 ,0 ,0 ,31 ,0 ,52.0
1049 ,0 ,0 ,0 ,0 ,0 ,0 ,0 ,0 ,0 ,0 ,31 ,0 ,52.0
1050 ,4 ,16 ,28 ,15 ,5 ,3 ,8 ,15 ,86 ,180 ,36 ,5 ,47.0
1051 ,0 ,0 ,0 ,0 ,0 ,0 ,0 ,0 ,0 ,0 ,35 ,1 ,47.0
1052 ,0 ,0 ,0 ,0 ,0 ,0 ,0 ,0 ,0 ,0 ,35 ,0 ,47.0
1053 ,0 ,0 ,0 ,0 ,0 ,0 ,0 ,0 ,0 ,0 ,38 ,3 ,45.0
1054 ,8 ,4 ,5 ,0 ,0 ,1 ,1 ,4 ,13 ,36 ,38 ,0 ,49.0
1055 ,21 ,17 ,16 ,15 ,6 ,1 ,3 ,6 ,43 ,128 ,37 ,1 ,48.0
1056 ,0 ,0 ,0 ,0 ,0 ,0 ,0 ,0 ,0 ,0 ,43 ,6 ,43.0
1057 ,20 ,9 ,7 ,1 ,5 ,2 ,2 ,7 ,51 ,104 ,43 ,0 ,44.0
1058 ,0 ,0 ,0 ,0 ,0 ,0 ,0 ,0 ,0 ,0 ,47 ,4 ,38.0
1059 ,50 ,4 ,5 ,4 ,2 ,4 ,8 ,14 ,83 ,174 ,47 ,0 ,44.0
1060 ,0 ,0 ,0 ,0 ,0 ,0 ,0 ,0 ,0 ,0 ,45 ,2 ,42.0
1061 ,0 ,0 ,0 ,0 ,0 ,0 ,0 ,0 ,0 ,0 ,47 ,2 ,40.0
1062 ,0 ,22 ,12 ,6 ,5 ,4 ,6 ,4 ,47 ,106 ,47 ,0 ,40.0
1063 ,0 ,0 ,0 ,0 ,0 ,0 ,0 ,0 ,0 ,0 ,44 ,3 ,46.0
1064 ,0 ,0 ,0 ,0 ,0 ,0 ,0 ,0 ,0 ,0 ,44 ,0 ,46.0
1065 ,0 ,0 ,0 ,0 ,0 ,0 ,0 ,0 ,0 ,0 ,48 ,4 ,42.0
1066 ,1 ,12 ,3 ,7 ,2 ,2 ,6 ,7 ,34 ,74 ,48 ,0 ,48.0
1067 ,8 ,3 ,6 ,8 ,2 ,1 ,1 ,3 ,12 ,44 ,47 ,1 ,47.0
1068 ,0 ,0 ,0 ,0 ,0 ,0 ,0 ,0 ,0 ,0 ,50 ,3 ,45.0
1069 ,38 ,2 ,2 ,5 ,1 ,0 ,1 ,2 ,27 ,78 ,50 ,0 ,46.0
1070 ,0 ,0 ,0 ,0 ,0 ,0 ,0 ,0 ,0 ,0 ,55 ,5 ,41.0
1071 ,0 ,2 ,8 ,38 ,4 ,2 ,5 ,9 ,8 ,76 ,54 ,1 ,39.0
1072 ,0 ,0 ,0 ,0 ,0 ,0 ,0 ,0 ,0 ,0 ,54 ,0 ,43.0
1073 ,0 ,0 ,0 ,0 ,0 ,0 ,0 ,0 ,0 ,0 ,58 ,4 ,39.0
1074 ,0 ,0 ,0 ,0 ,0 ,0 ,0 ,0 ,0 ,0 ,58 ,0 ,39.0
1075 ,25 ,5 ,28 ,36 ,6 ,11 ,40 ,47 ,60 ,258 ,54 ,4 ,38.0
1076 ,0 ,0 ,0 ,0 ,0 ,0 ,0 ,0 ,0 ,0 ,54 ,0 ,38.0
1077 ,0 ,0 ,0 ,0 ,0 ,0 ,0 ,0 ,0 ,0 ,57 ,3 ,35.0
1078 ,24 ,5 ,10 ,18 ,7 ,2 ,19 ,5 ,42 ,132 ,57 ,0 ,35.0
1079 ,0 ,0 ,0 ,0 ,0 ,0 ,0 ,0 ,0 ,0 ,56 ,1 ,34.0
1080 ,0 ,0 ,0 ,0 ,0 ,0 ,0 ,0 ,0 ,0 ,59 ,3 ,28.0
1081 ,53 ,10 ,0 ,1 ,2 ,5 ,40 ,29 ,140 ,280 ,59 ,0 ,28.0
1082 ,0 ,0 ,0 ,0 ,0 ,0 ,0 ,0 ,0 ,0 ,57 ,2 ,28.0
1083 ,71 ,19 ,7 ,9 ,2 ,2 ,4 ,17 ,131 ,262 ,57 ,0 ,28.0
1084 ,0 ,0 ,0 ,0 ,0 ,0 ,0 ,0 ,0 ,0 ,54 ,3 ,31.0
1085 ,0 ,0 ,0 ,0 ,0 ,0 ,0 ,0 ,0 ,0 ,58 ,4 ,26.0
1086 ,18 ,23 ,1 ,8 ,3 ,1 ,5 ,13 ,44 ,116 ,58 ,0 ,26.0
1087 ,0 ,0 ,0 ,0 ,0 ,0 ,0 ,0 ,0 ,0 ,56 ,2 ,26.0
1088 ,0 ,0 ,0 ,0 ,0 ,0 ,0 ,0 ,0 ,0 ,56 ,0 ,26.0
1089 ,0 ,0 ,0 ,0 ,0 ,0 ,0 ,0 ,0 ,0 ,58 ,2 ,25.0
1090 ,10 ,9 ,21 ,32 ,2 ,2 ,10 ,3 ,81 ,170 ,58 ,0 ,25.0
1091 ,0 ,0 ,0 ,0 ,0 ,0 ,0 ,0 ,0 ,0 ,56 ,2 ,23.0
1092 ,0 ,0 ,0 ,0 ,0 ,0 ,0 ,0 ,0 ,0 ,63 ,7 ,15.0
1093 ,17 ,0 ,1 ,5 ,1 ,1 ,33 ,25 ,81 ,164 ,63 ,0 ,15.0
1094 ,0 ,0 ,0 ,0 ,0 ,0 ,0 ,0 ,0 ,0 ,62 ,1 ,16.0
1095 ,68 ,19 ,16 ,6 ,5 ,8 ,17 ,24 ,163 ,326 ,62 ,0 ,17.0
1096 ,0 ,0 ,0 ,0 ,0 ,0 ,0 ,0 ,0 ,0 ,60 ,2 ,17.0
1097 ,0 ,0 ,0 ,0 ,0 ,0 ,0 ,0 ,0 ,0 ,62 ,2 ,15.0
1098 ,42 ,21 ,11 ,15 ,1 ,0 ,3 ,6 ,93 ,192 ,62 ,0 ,15.0
1099 ,0 ,0 ,0 ,0 ,0 ,0 ,0 ,0 ,0 ,0 ,62 ,0 ,17.0
1100 ,0 ,0 ,0 ,0 ,0 ,0 ,0 ,0 ,0 ,0 ,57 ,5 ,13.0
1101 ,0 ,0 ,0 ,0 ,0 ,0 ,0 ,0 ,0 ,0 ,58 ,1 ,13.0
1102 ,16 ,8 ,5 ,10 ,5 ,6 ,3 ,13 ,66 ,132 ,58 ,0 ,13.0
1103 ,0 ,0 ,0 ,0 ,0 ,0 ,0 ,0 ,0 ,0 ,55 ,3 ,10.0
1104 ,0 ,0 ,0 ,0 ,0 ,0 ,0 ,0 ,0 ,0 ,59 ,4 ,7.0
1105 ,52 ,9 ,11 ,10 ,7 ,5 ,17 ,21 ,132 ,264 ,59 ,0 ,8.0
1106 ,0 ,0 ,0 ,0 ,0 ,0 ,0 ,0 ,0 ,0 ,54 ,5 ,3.0
1107 ,5 ,6 ,2 ,10 ,3 ,0 ,2 ,0 ,18 ,46 ,54 ,0 ,3.0
1108 ,0 ,0 ,0 ,0 ,0 ,0 ,0 ,0 ,0 ,0 ,49 ,5 ,1.0
1109 ,0 ,0 ,0 ,0 ,0 ,0 ,0 ,0 ,0 ,0 ,55 ,6 ,4.0
1110 ,51 ,10 ,2 ,3 ,2 ,3 ,19 ,19 ,99 ,208 ,55 ,0 ,2.0
1111 ,0 ,0 ,0 ,0 ,0 ,0 ,0 ,0 ,0 ,0 ,52 ,3 ,4.0
1112 ,0 ,0 ,0 ,0 ,0 ,0 ,0 ,0 ,0 ,0 ,52 ,0 ,3.0
1113 ,0 ,0 ,0 ,0 ,0 ,0 ,0 ,0 ,0 ,0 ,61 ,9 ,9.0
1114 ,19 ,1 ,2 ,7 ,1 ,1 ,4 ,6 ,37 ,78 ,61 ,0 ,9.0
1115 ,0 ,0 ,0 ,0 ,0 ,0 ,0 ,0 ,0 ,0 ,57 ,4 ,13.0
1116 ,0 ,0 ,0 ,0 ,0 ,0 ,0 ,0 ,0 ,0 ,60 ,3 ,12.0
1117 ,59 ,24 ,14 ,36 ,1 ,6 ,27 ,21 ,188 ,376 ,60 ,0 ,11.0
1118 ,0 ,0 ,0 ,0 ,0 ,0 ,0 ,0 ,0 ,0 ,58 ,2 ,14.0
1119 ,3 ,1 ,2 ,3 ,0 ,3 ,5 ,5 ,22 ,44 ,58 ,0 ,14.0
1120 ,0 ,0 ,0 ,0 ,0 ,0 ,0 ,0 ,0 ,0 ,55 ,3 ,23.0
1121 ,0 ,0 ,0 ,0 ,0 ,0 ,0 ,0 ,0 ,0 ,55 ,0 ,22.0
1122 ,0 ,2 ,5 ,10 ,2 ,2 ,11 ,13 ,45 ,90 ,58 ,3 ,24.0
1123 ,0 ,0 ,0 ,0 ,0 ,0 ,0 ,0 ,0 ,0 ,54 ,4 ,28.0
1124 ,0 ,0 ,0 ,0 ,0 ,0 ,0 ,0 ,0 ,0 ,54 ,0 ,28.0
1125 ,0 ,0 ,0 ,0 ,0 ,0 ,0 ,0 ,0 ,0 ,56 ,2 ,25.0
1126 ,2 ,0 ,6 ,5 ,2 ,1 ,5 ,4 ,17 ,42 ,56 ,0 ,25.0
1127 ,0 ,0 ,0 ,0 ,0 ,0 ,0 ,0 ,0 ,0 ,53 ,3 ,28.0
1128 ,0 ,0 ,0 ,0 ,0 ,0 ,0 ,0 ,0 ,0 ,53 ,0 ,28.0
1129 ,4 ,5 ,22 ,10 ,7 ,10 ,11 ,30 ,99 ,198 ,53 ,0 ,27.0
1130 ,0 ,0 ,0 ,0 ,0 ,0 ,0 ,0 ,0 ,0 ,49 ,4 ,31.0
1131 ,6 ,3 ,2 ,3 ,1 ,1 ,3 ,0 ,9 ,28 ,49 ,0 ,31.0
1132 ,0 ,0 ,0 ,0 ,0 ,0 ,0 ,0 ,0 ,0 ,51 ,2 ,31.0
1133 ,0 ,0 ,0 ,0 ,0 ,0 ,0 ,0 ,0 ,0 ,51 ,0 ,31.0
1134 ,9 ,26 ,64 ,23 ,7 ,5 ,4 ,48 ,90 ,276 ,57 ,6 ,34.0
1135 ,0 ,0 ,0 ,0 ,0 ,0 ,0 ,0 ,0 ,0 ,52 ,5 ,34.0
1136 ,0 ,0 ,0 ,0 ,0 ,0 ,0 ,0 ,0 ,0 ,52 ,0 ,34.0
1137 ,0 ,0 ,0 ,0 ,0 ,0 ,0 ,0 ,0 ,0 ,54 ,2 ,33.0
1138 ,16 ,35 ,90 ,27 ,13 ,6 ,8 ,17 ,212 ,424 ,54 ,0 ,33.0
1139 ,0 ,0 ,0 ,0 ,0 ,0 ,0 ,0 ,0 ,0 ,52 ,2 ,35.0
1140 ,0 ,0 ,0 ,0 ,0 ,0 ,0 ,0 ,0 ,0 ,52 ,0 ,31.0
1141 ,0 ,4 ,22 ,0 ,2 ,3 ,7 ,25 ,55 ,118 ,52 ,0 ,29.0
1142 ,0 ,0 ,0 ,0 ,0 ,0 ,0 ,0 ,0 ,0 ,45 ,7 ,36.0
1143 ,0 ,0 ,12 ,3 ,1 ,3 ,6 ,23 ,42 ,90 ,45 ,0 ,36.0
1144 ,0 ,0 ,0 ,0 ,0 ,0 ,0 ,0 ,0 ,0 ,47 ,2 ,36.0
1145 ,1 ,14 ,40 ,24 ,6 ,4 ,2 ,81 ,6 ,178 ,47 ,0 ,36.0
1146 ,0 ,0 ,0 ,0 ,0 ,0 ,0 ,0 ,0 ,0 ,48 ,1 ,35.0
1147 ,7 ,6 ,12 ,11 ,6 ,3 ,6 ,17 ,68 ,136 ,46 ,2 ,37.0
1148 ,0 ,0 ,0 ,0 ,0 ,0 ,0 ,0 ,0 ,0 ,46 ,0 ,37.0
1149 ,0 ,0 ,0 ,0 ,0 ,0 ,0 ,0 ,0 ,0 ,48 ,2 ,38.0
1150 ,4 ,2 ,25 ,6 ,3 ,1 ,0 ,10 ,31 ,82 ,49 ,1 ,34.0
1151 ,0 ,0 ,0 ,0 ,0 ,0 ,0 ,0 ,0 ,0 ,48 ,1 ,35.0
1152 ,0 ,0 ,0 ,0 ,0 ,0 ,0 ,0 ,0 ,0 ,48 ,0 ,34.0
1153 ,0 ,0 ,0 ,0 ,0 ,0 ,0 ,0 ,0 ,0 ,48 ,0 ,31.0
1154 ,0 ,0 ,0 ,0 ,0 ,0 ,0 ,0 ,0 ,0 ,45 ,3 ,36.0
1155 ,4 ,13 ,19 ,0 ,2 ,2 ,4 ,10 ,16 ,70 ,45 ,0 ,36.0
1156 ,0 ,0 ,0 ,0 ,0 ,0 ,0 ,0 ,0 ,0 ,46 ,1 ,31.0
1157 ,1 ,6 ,41 ,7 ,2 ,1 ,0 ,20 ,76 ,154 ,46 ,0 ,31.0
1158 ,0 ,0 ,0 ,0 ,0 ,0 ,0 ,0 ,0 ,0 ,48 ,2 ,28.0
1159 ,7 ,15 ,60 ,22 ,8 ,1 ,5 ,12 ,130 ,260 ,43 ,5 ,33.0
1160 ,0 ,0 ,0 ,0 ,0 ,0 ,0 ,0 ,0 ,0 ,43 ,0 ,31.0
1161 ,0 ,0 ,0 ,0 ,0 ,0 ,0 ,0 ,0 ,0 ,43 ,0 ,29.0
1162 ,2 ,7 ,11 ,14 ,4 ,0 ,1 ,10 ,29 ,78 ,44 ,1 ,29.0
1163 ,0 ,0 ,0 ,0 ,0 ,0 ,0 ,0 ,0 ,0 ,35 ,9 ,38.0
1164 ,0 ,0 ,0 ,0 ,0 ,0 ,0 ,0 ,0 ,0 ,35 ,0 ,38.0
1165 ,0 ,0 ,0 ,0 ,0 ,0 ,0 ,0 ,0 ,0 ,35 ,0 ,34.0
